web_name,Unnamed: 0,Unnamed: 1,minutes,total_points,was_home,opponent_team,appearances,target_home,gameweek,total_points_mean3,minutes_mean3,appearances_mean3,total_points_mean10,minutes_mean10,appearances_mean10,total_points_mean5,minutes_mean5,appearances_mean5,total_points_mean_all,minutes_sum_all,total_points_sum_all,was_home_sum_all,opponent_team_sum_all,appearances_sum_all,opponent_1,opponent_2,opponent_3,opponent_4,opponent_5,opponent_6,opponent_7,opponent_8,opponent_9,opponent_10,opponent_11,opponent_12,opponent_13,opponent_14,opponent_15,opponent_16,opponent_17,opponent_18,opponent_19,opponent_20,opponent_999,team_1,team_3,team_6,team_8,team_11,team_13,team_14,team_20,team_21,team_25,team_31,team_35,team_43,team_56,team_57,team_80,team_88,team_90,team_91,team_110,position_1,position_2,position_3,position_4,target
Cech,1.0,34.0,90.0,8.0,1.0,11.0,1.0,0.0,34.0,6.333333333333332,90.0,1.0,3.3,57.7,0.7,4.4,72.0,0.8,3.53125,2737.0,113.0,17.0,370.0,31.0,0.0,0.0,0.0,0.0,0.0,0.0,0.0,0.0,0.0,0.0,0.0,0.0,1.0,0.0,0.0,0.0,0.0,0.0,0.0,0.0,0.0,0.0,1.0,0.0,0.0,0.0,0.0,0.0,0.0,0.0,0.0,0.0,0.0,0.0,0.0,0.0,0.0,0.0,0.0,0.0,0.0,1.0,0.0,0.0,0.0,8.0
Gibbs,6.0,34.0,90.0,6.0,1.0,11.0,1.0,0.0,34.0,5.0,82.33333333333333,1.0,2.0,33.7,0.4,3.0,49.4,0.6,3.2,544.0,32.0,17.0,370.0,9.0,0.0,0.0,0.0,0.0,0.0,0.0,0.0,0.0,0.0,0.0,0.0,0.0,1.0,0.0,0.0,0.0,0.0,0.0,0.0,0.0,0.0,0.0,1.0,0.0,0.0,0.0,0.0,0.0,0.0,0.0,0.0,0.0,0.0,0.0,0.0,0.0,0.0,0.0,0.0,0.0,0.0,0.0,1.0,0.0,0.0,7.0
Monreal,9.0,34.0,90.0,6.0,1.0,11.0,1.0,0.0,34.0,6.0,90.0,1.0,3.0,81.0,0.9,4.2,90.0,1.0,3.0303030303030303,2793.0,100.0,17.0,370.0,32.0,0.0,0.0,0.0,0.0,0.0,0.0,0.0,0.0,0.0,0.0,0.0,0.0,1.0,0.0,0.0,0.0,0.0,0.0,0.0,0.0,0.0,0.0,1.0,0.0,0.0,0.0,0.0,0.0,0.0,0.0,0.0,0.0,0.0,0.0,0.0,0.0,0.0,0.0,0.0,0.0,0.0,0.0,1.0,0.0,0.0,6.0
Chambers,10.0,34.0,90.0,6.0,1.0,15.0,1.0,1.0,34.0,2.0,60.0,0.6666666666666666,1.3,27.0,0.3,1.2,36.0,0.4,3.272727272727273,1890.0,72.0,17.0,347.0,21.0,0.0,0.0,0.0,0.0,0.0,0.0,0.0,0.0,0.0,1.0,0.0,0.0,0.0,0.0,0.0,0.0,0.0,0.0,0.0,0.0,0.0,0.0,0.0,0.0,0.0,0.0,0.0,0.0,0.0,0.0,1.0,0.0,0.0,0.0,0.0,0.0,0.0,0.0,0.0,0.0,0.0,0.0,1.0,0.0,0.0,8.0
Sánchez,11.0,34.0,90.0,3.0,1.0,11.0,1.0,0.0,34.0,2.333333333333333,90.0,1.0,4.9,84.1,1.0,3.2,89.8,1.0,6.2,2894.0,217.0,17.0,370.0,34.0,0.0,0.0,0.0,0.0,0.0,0.0,0.0,0.0,0.0,0.0,0.0,0.0,1.0,0.0,0.0,0.0,0.0,0.0,0.0,0.0,0.0,0.0,1.0,0.0,0.0,0.0,0.0,0.0,0.0,0.0,0.0,0.0,0.0,0.0,0.0,0.0,0.0,0.0,0.0,0.0,0.0,0.0,0.0,1.0,0.0,11.0
Özil,13.0,34.0,90.0,3.0,1.0,11.0,1.0,0.0,34.0,2.6666666666666665,90.0,1.0,4.2,71.9,0.8,4.0,89.8,1.0,4.733333333333333,2491.0,142.0,17.0,370.0,29.0,0.0,0.0,0.0,0.0,0.0,0.0,0.0,0.0,0.0,0.0,0.0,0.0,1.0,0.0,0.0,0.0,0.0,0.0,0.0,0.0,0.0,0.0,1.0,0.0,0.0,0.0,0.0,0.0,0.0,0.0,0.0,0.0,0.0,0.0,0.0,0.0,0.0,0.0,0.0,0.0,0.0,0.0,0.0,1.0,0.0,5.0
Ramsey,15.0,34.0,90.0,3.0,1.0,11.0,1.0,0.0,34.0,2.0,65.33333333333333,1.0,1.5,41.8,0.7,2.4,63.6,1.0,1.65,974.0,33.0,17.0,370.0,19.0,0.0,0.0,0.0,0.0,0.0,0.0,0.0,0.0,0.0,0.0,0.0,0.0,1.0,0.0,0.0,0.0,0.0,0.0,0.0,0.0,0.0,0.0,1.0,0.0,0.0,0.0,0.0,0.0,0.0,0.0,0.0,0.0,0.0,0.0,0.0,0.0,0.0,0.0,0.0,0.0,0.0,0.0,0.0,1.0,0.0,6.0
Xhaka,23.0,34.0,75.0,11.0,1.0,11.0,1.0,0.0,34.0,5.0,76.33333333333333,1.0,3.4,76.9,0.9,4.6,81.8,1.0,2.586206896551724,2152.0,75.0,17.0,370.0,28.0,0.0,0.0,0.0,0.0,0.0,0.0,0.0,0.0,0.0,0.0,0.0,0.0,1.0,0.0,0.0,0.0,0.0,0.0,0.0,0.0,0.0,0.0,1.0,0.0,0.0,0.0,0.0,0.0,0.0,0.0,0.0,0.0,0.0,0.0,0.0,0.0,0.0,0.0,0.0,0.0,0.0,0.0,0.0,1.0,0.0,3.0
Welbeck,25.0,34.0,83.0,6.0,1.0,11.0,1.0,0.0,34.0,2.6666666666666665,44.0,1.0,2.2,51.2,0.9,1.8,38.2,0.8,1.9230769230769231,549.0,25.0,17.0,370.0,12.0,0.0,0.0,0.0,0.0,0.0,0.0,0.0,0.0,0.0,0.0,0.0,0.0,1.0,0.0,0.0,0.0,0.0,0.0,0.0,0.0,0.0,0.0,1.0,0.0,0.0,0.0,0.0,0.0,0.0,0.0,0.0,0.0,0.0,0.0,0.0,0.0,0.0,0.0,0.0,0.0,0.0,0.0,0.0,0.0,1.0,2.0
Boruc,28.0,34.0,90.0,6.0,1.0,12.0,1.0,0.0,34.0,4.0,90.0,1.0,4.6,90.0,1.0,4.6,90.0,1.0,3.333333333333333,2880.0,110.0,17.0,376.0,32.0,0.0,0.0,0.0,0.0,0.0,0.0,0.0,0.0,0.0,0.0,0.0,0.0,0.0,0.0,1.0,0.0,0.0,0.0,0.0,0.0,0.0,0.0,0.0,0.0,0.0,0.0,0.0,0.0,0.0,0.0,0.0,0.0,0.0,0.0,0.0,0.0,0.0,0.0,0.0,1.0,0.0,1.0,0.0,0.0,0.0,7.0
Francis,30.0,34.0,90.0,6.0,1.0,12.0,1.0,0.0,34.0,2.333333333333333,90.0,1.0,2.2,65.2,0.8,2.8,90.0,1.0,2.4838709677419355,2578.0,77.0,17.0,376.0,30.0,0.0,0.0,0.0,0.0,0.0,0.0,0.0,0.0,0.0,0.0,0.0,0.0,0.0,0.0,1.0,0.0,0.0,0.0,0.0,0.0,0.0,0.0,0.0,0.0,0.0,0.0,0.0,0.0,0.0,0.0,0.0,0.0,0.0,0.0,0.0,0.0,0.0,0.0,0.0,1.0,0.0,0.0,1.0,0.0,0.0,8.0
Steve Cook,31.0,34.0,90.0,6.0,1.0,12.0,1.0,0.0,34.0,2.333333333333333,90.0,1.0,3.1,90.0,1.0,3.6,90.0,1.0,2.8857142857142857,3060.0,101.0,17.0,376.0,34.0,0.0,0.0,0.0,0.0,0.0,0.0,0.0,0.0,0.0,0.0,0.0,0.0,0.0,0.0,1.0,0.0,0.0,0.0,0.0,0.0,0.0,0.0,0.0,0.0,0.0,0.0,0.0,0.0,0.0,0.0,0.0,0.0,0.0,0.0,0.0,0.0,0.0,0.0,0.0,1.0,0.0,0.0,1.0,0.0,0.0,6.0
Daniels,32.0,34.0,90.0,14.0,1.0,12.0,1.0,0.0,34.0,5.0,90.0,1.0,3.3,90.0,1.0,4.4,90.0,1.0,3.967741935483871,2700.0,123.0,17.0,376.0,30.0,0.0,0.0,0.0,0.0,0.0,0.0,0.0,0.0,0.0,0.0,0.0,0.0,0.0,0.0,1.0,0.0,0.0,0.0,0.0,0.0,0.0,0.0,0.0,0.0,0.0,0.0,0.0,0.0,0.0,0.0,0.0,0.0,0.0,0.0,0.0,0.0,0.0,0.0,0.0,1.0,0.0,0.0,1.0,0.0,0.0,6.0
Smith,33.0,34.0,90.0,6.0,1.0,12.0,1.0,0.0,34.0,1.6666666666666667,90.0,1.0,2.5,90.0,1.0,2.6,90.0,1.0,2.575757575757576,2741.0,85.0,17.0,376.0,32.0,0.0,0.0,0.0,0.0,0.0,0.0,0.0,0.0,0.0,0.0,0.0,0.0,0.0,0.0,1.0,0.0,0.0,0.0,0.0,0.0,0.0,0.0,0.0,0.0,0.0,0.0,0.0,0.0,0.0,0.0,0.0,0.0,0.0,0.0,0.0,0.0,0.0,0.0,0.0,1.0,0.0,0.0,1.0,0.0,0.0,8.0
Arter,36.0,34.0,90.0,7.0,1.0,12.0,1.0,0.0,34.0,3.333333333333333,90.0,1.0,2.3,74.0,0.9,3.4,81.0,1.0,2.363636363636364,2696.0,78.0,17.0,376.0,32.0,0.0,0.0,0.0,0.0,0.0,0.0,0.0,0.0,0.0,0.0,0.0,0.0,0.0,0.0,1.0,0.0,0.0,0.0,0.0,0.0,0.0,0.0,0.0,0.0,0.0,0.0,0.0,0.0,0.0,0.0,0.0,0.0,0.0,0.0,0.0,0.0,0.0,0.0,0.0,1.0,0.0,0.0,0.0,1.0,0.0,2.0
Pugh,37.0,34.0,90.0,14.0,1.0,12.0,1.0,0.0,34.0,6.0,83.33333333333333,1.0,3.4,74.0,1.0,4.6,84.4,1.0,3.055555555555556,1018.0,55.0,17.0,376.0,17.0,0.0,0.0,0.0,0.0,0.0,0.0,0.0,0.0,0.0,0.0,0.0,0.0,0.0,0.0,1.0,0.0,0.0,0.0,0.0,0.0,0.0,0.0,0.0,0.0,0.0,0.0,0.0,0.0,0.0,0.0,0.0,0.0,0.0,0.0,0.0,0.0,0.0,0.0,0.0,1.0,0.0,0.0,0.0,1.0,0.0,3.0
Lewis Cook,46.0,34.0,47.0,4.0,1.0,12.0,1.0,0.0,34.0,1.6666666666666667,27.33333333333333,0.6666666666666666,0.5,8.2,0.2,1.0,16.4,0.4,1.75,162.0,7.0,17.0,376.0,3.0,0.0,0.0,0.0,0.0,0.0,0.0,0.0,0.0,0.0,0.0,0.0,0.0,0.0,0.0,1.0,0.0,0.0,0.0,0.0,0.0,0.0,0.0,0.0,0.0,0.0,0.0,0.0,0.0,0.0,0.0,0.0,0.0,0.0,0.0,0.0,0.0,0.0,0.0,0.0,1.0,0.0,0.0,0.0,1.0,0.0,2.0
King,47.0,34.0,83.0,8.0,1.0,12.0,1.0,0.0,34.0,6.333333333333332,87.66666666666669,1.0,7.3,86.9,1.0,5.8,84.4,1.0,4.5,2444.0,153.0,17.0,376.0,33.0,0.0,0.0,0.0,0.0,0.0,0.0,0.0,0.0,0.0,0.0,0.0,0.0,0.0,0.0,1.0,0.0,0.0,0.0,0.0,0.0,0.0,0.0,0.0,0.0,0.0,0.0,0.0,0.0,0.0,0.0,0.0,0.0,0.0,0.0,0.0,0.0,0.0,0.0,0.0,1.0,0.0,0.0,0.0,1.0,0.0,11.0
Heaton,53.0,34.0,90.0,2.0,1.0,11.0,1.0,0.0,34.0,3.6666666666666665,90.0,1.0,3.4,81.0,0.9,3.8,90.0,1.0,4.3125,2790.0,138.0,17.0,368.0,31.0,0.0,0.0,0.0,0.0,1.0,0.0,0.0,0.0,0.0,0.0,0.0,0.0,0.0,0.0,0.0,0.0,0.0,0.0,0.0,0.0,0.0,0.0,0.0,0.0,0.0,0.0,0.0,0.0,0.0,0.0,0.0,0.0,0.0,0.0,0.0,0.0,0.0,0.0,1.0,0.0,0.0,1.0,0.0,0.0,0.0,7.0
Lowton,54.0,34.0,90.0,0.0,1.0,11.0,1.0,0.0,34.0,2.333333333333333,90.0,1.0,2.9,90.0,1.0,2.8,90.0,1.0,2.4545454545454546,2880.0,81.0,17.0,368.0,32.0,0.0,0.0,0.0,0.0,1.0,0.0,0.0,0.0,0.0,0.0,0.0,0.0,0.0,0.0,0.0,0.0,0.0,0.0,0.0,0.0,0.0,0.0,0.0,0.0,0.0,0.0,0.0,0.0,0.0,0.0,0.0,0.0,0.0,0.0,0.0,0.0,0.0,0.0,1.0,0.0,0.0,0.0,1.0,0.0,0.0,6.0
Keane,57.0,34.0,90.0,1.0,1.0,11.0,1.0,0.0,34.0,2.333333333333333,90.0,1.0,3.4,90.0,1.0,3.2,90.0,1.0,3.0,3060.0,105.0,17.0,368.0,34.0,0.0,0.0,0.0,0.0,1.0,0.0,0.0,0.0,0.0,0.0,0.0,0.0,0.0,0.0,0.0,0.0,0.0,0.0,0.0,0.0,0.0,0.0,0.0,0.0,0.0,0.0,0.0,0.0,0.0,0.0,0.0,0.0,0.0,0.0,0.0,0.0,0.0,0.0,1.0,0.0,0.0,0.0,1.0,0.0,0.0,8.0
Tarkowski,58.0,34.0,45.0,1.0,1.0,11.0,1.0,0.0,34.0,0.6666666666666666,15.333333333333336,0.6666666666666666,0.5,6.9,0.5,0.6,10.4,0.6,0.875,208.0,14.0,17.0,368.0,15.0,0.0,0.0,0.0,0.0,1.0,0.0,0.0,0.0,0.0,0.0,0.0,0.0,0.0,0.0,0.0,0.0,0.0,0.0,0.0,0.0,0.0,0.0,0.0,0.0,0.0,0.0,0.0,0.0,0.0,0.0,0.0,0.0,0.0,0.0,0.0,0.0,0.0,0.0,1.0,0.0,0.0,0.0,1.0,0.0,0.0,6.0
Boyd,61.0,34.0,61.0,2.0,1.0,11.0,1.0,0.0,34.0,2.333333333333333,80.33333333333333,1.0,2.8,81.9,1.0,3.4,80.8,1.0,2.411764705882353,2611.0,82.0,17.0,368.0,33.0,0.0,0.0,0.0,0.0,1.0,0.0,0.0,0.0,0.0,0.0,0.0,0.0,0.0,0.0,0.0,0.0,0.0,0.0,0.0,0.0,0.0,0.0,0.0,0.0,0.0,0.0,0.0,0.0,0.0,0.0,0.0,0.0,0.0,0.0,0.0,0.0,0.0,0.0,1.0,0.0,0.0,0.0,0.0,1.0,0.0,7.0
Arfield,62.0,34.0,0.0,0.0,1.0,11.0,0.0,0.0,34.0,0.0,0.0,0.0,1.0,30.9,0.6,0.4,15.4,0.2,2.142857142857143,1767.0,60.0,17.0,368.0,27.0,0.0,0.0,0.0,0.0,1.0,0.0,0.0,0.0,0.0,0.0,0.0,0.0,0.0,0.0,0.0,0.0,0.0,0.0,0.0,0.0,0.0,0.0,0.0,0.0,0.0,0.0,0.0,0.0,0.0,0.0,0.0,0.0,0.0,0.0,0.0,0.0,0.0,0.0,1.0,0.0,0.0,0.0,0.0,1.0,0.0,3.0
Vokes,66.0,34.0,0.0,0.0,1.0,11.0,0.0,0.0,34.0,2.333333333333333,34.0,0.6666666666666666,1.9,35.2,0.9,2.0,44.2,0.8,2.7058823529411766,1704.0,92.0,17.0,368.0,33.0,0.0,0.0,0.0,0.0,1.0,0.0,0.0,0.0,0.0,0.0,0.0,0.0,0.0,0.0,0.0,0.0,0.0,0.0,0.0,0.0,0.0,0.0,0.0,0.0,0.0,0.0,0.0,0.0,0.0,0.0,0.0,0.0,0.0,0.0,0.0,0.0,0.0,0.0,1.0,0.0,0.0,0.0,0.0,0.0,1.0,2.0
Barnes,69.0,34.0,74.0,2.0,1.0,11.0,1.0,0.0,34.0,1.6666666666666667,82.0,1.0,1.8,68.3,0.9,1.4,69.8,1.0,2.64,1560.0,66.0,17.0,368.0,24.0,0.0,0.0,0.0,0.0,1.0,0.0,0.0,0.0,0.0,0.0,0.0,0.0,0.0,0.0,0.0,0.0,0.0,0.0,0.0,0.0,0.0,0.0,0.0,0.0,0.0,0.0,0.0,0.0,0.0,0.0,0.0,0.0,0.0,0.0,0.0,0.0,0.0,0.0,1.0,0.0,0.0,0.0,0.0,0.0,1.0,9.0
Courtois,72.0,34.0,90.0,7.0,0.0,6.0,1.0,1.0,34.0,2.6666666666666665,60.0,0.6666666666666666,2.4,81.0,0.9,2.8,72.0,0.8,3.7352941176470584,2970.0,127.0,16.0,348.0,33.0,0.0,0.0,0.0,0.0,0.0,0.0,0.0,0.0,0.0,0.0,0.0,1.0,0.0,0.0,0.0,0.0,0.0,0.0,0.0,0.0,0.0,0.0,0.0,0.0,1.0,0.0,0.0,0.0,0.0,0.0,0.0,0.0,0.0,0.0,0.0,0.0,0.0,0.0,0.0,0.0,0.0,1.0,0.0,0.0,0.0,6.0
Azpilicueta,76.0,34.0,90.0,5.0,0.0,6.0,1.0,1.0,34.0,2.333333333333333,90.0,1.0,2.4,90.0,1.0,3.0,90.0,1.0,3.9428571428571435,3060.0,138.0,16.0,348.0,34.0,0.0,0.0,0.0,0.0,0.0,0.0,0.0,0.0,0.0,0.0,0.0,1.0,0.0,0.0,0.0,0.0,0.0,0.0,0.0,0.0,0.0,0.0,0.0,0.0,1.0,0.0,0.0,0.0,0.0,0.0,0.0,0.0,0.0,0.0,0.0,0.0,0.0,0.0,0.0,0.0,0.0,0.0,1.0,0.0,0.0,10.0
Cahill,77.0,34.0,90.0,14.0,0.0,6.0,1.0,1.0,34.0,7.0,90.0,1.0,3.9,90.0,1.0,5.0,90.0,1.0,4.571428571428571,3053.0,160.0,16.0,348.0,34.0,0.0,0.0,0.0,0.0,0.0,0.0,0.0,0.0,0.0,0.0,0.0,1.0,0.0,0.0,0.0,0.0,0.0,0.0,0.0,0.0,0.0,0.0,0.0,0.0,1.0,0.0,0.0,0.0,0.0,0.0,0.0,0.0,0.0,0.0,0.0,0.0,0.0,0.0,0.0,0.0,0.0,0.0,1.0,0.0,0.0,6.0
Hazard,81.0,34.0,84.0,5.0,0.0,6.0,1.0,1.0,34.0,5.333333333333333,87.66666666666669,1.0,6.2,77.3,0.9,7.8,87.0,1.0,6.2727272727272725,2680.0,207.0,16.0,348.0,32.0,0.0,0.0,0.0,0.0,0.0,0.0,0.0,0.0,0.0,0.0,0.0,1.0,0.0,0.0,0.0,0.0,0.0,0.0,0.0,0.0,0.0,0.0,0.0,0.0,1.0,0.0,0.0,0.0,0.0,0.0,0.0,0.0,0.0,0.0,0.0,0.0,0.0,0.0,0.0,0.0,0.0,0.0,0.0,1.0,0.0,3.0
Fàbregas,82.0,34.0,9.0,4.0,0.0,6.0,1.0,1.0,34.0,2.6666666666666665,40.66666666666666,1.0,3.8,52.4,1.0,2.2,41.8,1.0,3.5384615384615383,1058.0,92.0,16.0,348.0,25.0,0.0,0.0,0.0,0.0,0.0,0.0,0.0,0.0,0.0,0.0,0.0,1.0,0.0,0.0,0.0,0.0,0.0,0.0,0.0,0.0,0.0,0.0,0.0,0.0,1.0,0.0,0.0,0.0,0.0,0.0,0.0,0.0,0.0,0.0,0.0,0.0,0.0,0.0,0.0,0.0,0.0,0.0,0.0,1.0,0.0,12.0
Matic,86.0,34.0,90.0,6.0,0.0,6.0,1.0,1.0,34.0,3.333333333333333,81.66666666666667,1.0,2.0,62.6,1.0,2.6,76.0,1.0,2.764705882352941,2514.0,94.0,16.0,348.0,33.0,0.0,0.0,0.0,0.0,0.0,0.0,0.0,0.0,0.0,0.0,0.0,1.0,0.0,0.0,0.0,0.0,0.0,0.0,0.0,0.0,0.0,0.0,0.0,0.0,1.0,0.0,0.0,0.0,0.0,0.0,0.0,0.0,0.0,0.0,0.0,0.0,0.0,0.0,0.0,0.0,0.0,0.0,0.0,1.0,0.0,8.0
Pedro,89.0,34.0,81.0,10.0,0.0,6.0,1.0,1.0,34.0,5.333333333333333,61.66666666666666,1.0,5.1,76.7,1.0,3.8,72.4,1.0,4.53125,1958.0,145.0,16.0,348.0,31.0,0.0,0.0,0.0,0.0,0.0,0.0,0.0,0.0,0.0,0.0,0.0,1.0,0.0,0.0,0.0,0.0,0.0,0.0,0.0,0.0,0.0,0.0,0.0,0.0,1.0,0.0,0.0,0.0,0.0,0.0,0.0,0.0,0.0,0.0,0.0,0.0,0.0,0.0,0.0,0.0,0.0,0.0,0.0,1.0,0.0,3.0
Moses,91.0,34.0,90.0,3.0,0.0,6.0,1.0,1.0,34.0,2.0,76.0,1.0,1.9,61.7,0.8,1.4,63.6,0.8,3.03125,2220.0,97.0,16.0,348.0,31.0,0.0,0.0,0.0,0.0,0.0,0.0,0.0,0.0,0.0,0.0,0.0,1.0,0.0,0.0,0.0,0.0,0.0,0.0,0.0,0.0,0.0,0.0,0.0,0.0,1.0,0.0,0.0,0.0,0.0,0.0,0.0,0.0,0.0,0.0,0.0,0.0,0.0,0.0,0.0,0.0,0.0,0.0,0.0,1.0,0.0,3.0
Costa,96.0,34.0,90.0,1.0,0.0,6.0,1.0,1.0,34.0,6.0,90.0,1.0,4.7,90.0,1.0,5.6,90.0,1.0,5.575757575757576,2842.0,184.0,16.0,348.0,32.0,0.0,0.0,0.0,0.0,0.0,0.0,0.0,0.0,0.0,0.0,0.0,1.0,0.0,0.0,0.0,0.0,0.0,0.0,0.0,0.0,0.0,0.0,0.0,0.0,1.0,0.0,0.0,0.0,0.0,0.0,0.0,0.0,0.0,0.0,0.0,0.0,0.0,0.0,0.0,0.0,0.0,0.0,0.0,0.0,1.0,6.0
Hennessey,99.0,34.0,90.0,3.0,1.0,17.0,1.0,1.0,34.0,2.0,90.0,1.0,4.4,90.0,1.0,3.0,90.0,1.0,3.1538461538461537,2250.0,82.0,17.0,379.0,25.0,0.0,0.0,1.0,0.0,0.0,0.0,0.0,0.0,0.0,0.0,0.0,0.0,0.0,0.0,0.0,0.0,0.0,0.0,0.0,0.0,0.0,0.0,0.0,0.0,0.0,0.0,0.0,0.0,0.0,0.0,0.0,1.0,0.0,0.0,0.0,0.0,0.0,0.0,0.0,0.0,0.0,1.0,0.0,0.0,0.0,1.0
Ward,104.0,34.0,90.0,1.0,1.0,17.0,1.0,1.0,34.0,1.3333333333333333,90.0,1.0,3.6,90.0,1.0,2.2,90.0,1.0,2.2285714285714286,3057.0,78.0,17.0,379.0,34.0,0.0,0.0,1.0,0.0,0.0,0.0,0.0,0.0,0.0,0.0,0.0,0.0,0.0,0.0,0.0,0.0,0.0,0.0,0.0,0.0,0.0,0.0,0.0,0.0,0.0,0.0,0.0,0.0,0.0,0.0,0.0,1.0,0.0,0.0,0.0,0.0,0.0,0.0,0.0,0.0,0.0,0.0,1.0,0.0,0.0,1.0
Kelly,105.0,34.0,90.0,2.0,1.0,17.0,1.0,1.0,34.0,1.6666666666666667,90.0,1.0,1.3,48.1,0.6,2.4,90.0,1.0,1.4615384615384617,1779.0,38.0,17.0,379.0,25.0,0.0,0.0,1.0,0.0,0.0,0.0,0.0,0.0,0.0,0.0,0.0,0.0,0.0,0.0,0.0,0.0,0.0,0.0,0.0,0.0,0.0,0.0,0.0,0.0,0.0,0.0,0.0,0.0,0.0,0.0,0.0,1.0,0.0,0.0,0.0,0.0,0.0,0.0,0.0,0.0,0.0,0.0,1.0,0.0,0.0,1.0
Delaney,106.0,34.0,34.0,1.0,1.0,17.0,1.0,1.0,34.0,0.6666666666666666,14.0,0.6666666666666666,0.6,20.3,0.7,0.6,15.6,0.8,1.7857142857142858,1904.0,50.0,17.0,379.0,27.0,0.0,0.0,1.0,0.0,0.0,0.0,0.0,0.0,0.0,0.0,0.0,0.0,0.0,0.0,0.0,0.0,0.0,0.0,0.0,0.0,0.0,0.0,0.0,0.0,0.0,0.0,0.0,0.0,0.0,0.0,0.0,1.0,0.0,0.0,0.0,0.0,0.0,0.0,0.0,0.0,0.0,0.0,1.0,0.0,0.0,1.0
Puncheon,109.0,34.0,90.0,2.0,1.0,17.0,1.0,1.0,34.0,3.6666666666666665,90.0,1.0,2.8,88.6,1.0,3.2,90.0,1.0,2.4545454545454546,2733.0,81.0,17.0,379.0,32.0,0.0,0.0,1.0,0.0,0.0,0.0,0.0,0.0,0.0,0.0,0.0,0.0,0.0,0.0,0.0,0.0,0.0,0.0,0.0,0.0,0.0,0.0,0.0,0.0,0.0,0.0,0.0,0.0,0.0,0.0,0.0,1.0,0.0,0.0,0.0,0.0,0.0,0.0,0.0,0.0,0.0,0.0,0.0,1.0,0.0,2.0
Zaha,110.0,34.0,90.0,1.0,1.0,17.0,1.0,1.0,34.0,1.6666666666666667,83.33333333333333,1.0,4.4,84.6,1.0,3.6,85.4,1.0,4.25,2671.0,136.0,17.0,379.0,31.0,0.0,0.0,1.0,0.0,0.0,0.0,0.0,0.0,0.0,0.0,0.0,0.0,0.0,0.0,0.0,0.0,0.0,0.0,0.0,0.0,0.0,0.0,0.0,0.0,0.0,0.0,0.0,0.0,0.0,0.0,0.0,1.0,0.0,0.0,0.0,0.0,0.0,0.0,0.0,0.0,0.0,0.0,0.0,1.0,0.0,1.0
McArthur,113.0,34.0,63.0,3.0,1.0,17.0,1.0,1.0,34.0,1.3333333333333333,23.33333333333333,0.6666666666666666,0.8,20.6,0.6,1.0,17.4,0.6,3.1923076923076925,1750.0,83.0,17.0,379.0,25.0,0.0,0.0,1.0,0.0,0.0,0.0,0.0,0.0,0.0,0.0,0.0,0.0,0.0,0.0,0.0,0.0,0.0,0.0,0.0,0.0,0.0,0.0,0.0,0.0,0.0,0.0,0.0,0.0,0.0,0.0,0.0,1.0,0.0,0.0,0.0,0.0,0.0,0.0,0.0,0.0,0.0,0.0,0.0,1.0,0.0,2.0
Townsend,119.0,34.0,90.0,2.0,1.0,17.0,1.0,1.0,34.0,3.0,90.0,1.0,5.1,86.5,1.0,6.2,90.0,1.0,3.2352941176470584,2300.0,110.0,17.0,379.0,33.0,0.0,0.0,1.0,0.0,0.0,0.0,0.0,0.0,0.0,0.0,0.0,0.0,0.0,0.0,0.0,0.0,0.0,0.0,0.0,0.0,0.0,0.0,0.0,0.0,0.0,0.0,0.0,0.0,0.0,0.0,0.0,1.0,0.0,0.0,0.0,0.0,0.0,0.0,0.0,0.0,0.0,0.0,0.0,1.0,0.0,2.0
Stekelenburg,123.0,34.0,90.0,7.0,0.0,20.0,1.0,1.0,34.0,2.333333333333333,30.0,0.3333333333333333,0.7,9.0,0.1,1.4,18.0,0.2,3.555555555555556,1503.0,64.0,17.0,369.0,17.0,0.0,0.0,0.0,1.0,0.0,0.0,0.0,0.0,0.0,0.0,0.0,0.0,0.0,0.0,0.0,0.0,0.0,0.0,0.0,0.0,0.0,0.0,0.0,0.0,0.0,1.0,0.0,0.0,0.0,0.0,0.0,0.0,0.0,0.0,0.0,0.0,0.0,0.0,0.0,0.0,0.0,1.0,0.0,0.0,0.0,1.0
Baines,124.0,34.0,90.0,6.0,0.0,20.0,1.0,1.0,34.0,4.0,90.0,1.0,3.5,85.5,1.0,3.0,90.0,1.0,4.206896551724138,2459.0,122.0,17.0,369.0,28.0,0.0,0.0,0.0,1.0,0.0,0.0,0.0,0.0,0.0,0.0,0.0,0.0,0.0,0.0,0.0,0.0,0.0,0.0,0.0,0.0,0.0,0.0,0.0,0.0,0.0,1.0,0.0,0.0,0.0,0.0,0.0,0.0,0.0,0.0,0.0,0.0,0.0,0.0,0.0,0.0,0.0,0.0,1.0,0.0,0.0,1.0
Jagielka,126.0,34.0,90.0,7.0,0.0,20.0,1.0,1.0,34.0,10.0,90.0,1.0,5.5,63.0,0.7,8.4,90.0,1.0,3.7083333333333335,1891.0,89.0,17.0,369.0,23.0,0.0,0.0,0.0,1.0,0.0,0.0,0.0,0.0,0.0,0.0,0.0,0.0,0.0,0.0,0.0,0.0,0.0,0.0,0.0,0.0,0.0,0.0,0.0,0.0,0.0,1.0,0.0,0.0,0.0,0.0,0.0,0.0,0.0,0.0,0.0,0.0,0.0,0.0,0.0,0.0,0.0,0.0,1.0,0.0,0.0,1.0
Barkley,133.0,34.0,90.0,3.0,0.0,20.0,1.0,1.0,34.0,4.0,89.66666666666669,1.0,3.9,87.6,1.0,3.2,87.6,1.0,3.9090909090909087,2621.0,129.0,17.0,369.0,32.0,0.0,0.0,0.0,1.0,0.0,0.0,0.0,0.0,0.0,0.0,0.0,0.0,0.0,0.0,0.0,0.0,0.0,0.0,0.0,0.0,0.0,0.0,0.0,0.0,0.0,1.0,0.0,0.0,0.0,0.0,0.0,0.0,0.0,0.0,0.0,0.0,0.0,0.0,0.0,0.0,0.0,0.0,0.0,1.0,0.0,2.0
Cleverley,134.0,34.0,90.0,2.0,1.0,9.0,1.0,0.0,34.0,2.333333333333333,89.33333333333331,1.0,2.1,88.7,1.0,2.4,89.6,1.0,1.84,1578.0,46.0,18.0,367.0,24.0,0.0,0.0,0.0,0.0,0.0,0.0,0.0,1.0,0.0,0.0,0.0,0.0,0.0,0.0,0.0,0.0,0.0,0.0,0.0,0.0,0.0,0.0,0.0,0.0,0.0,0.0,0.0,0.0,0.0,0.0,0.0,0.0,0.0,0.0,0.0,1.0,0.0,0.0,0.0,0.0,0.0,0.0,0.0,1.0,0.0,2.0
Lukaku,142.0,34.0,90.0,2.0,0.0,20.0,1.0,1.0,34.0,7.0,90.0,1.0,6.7,90.0,1.0,5.0,90.0,1.0,6.088235294117648,2906.0,207.0,17.0,369.0,33.0,0.0,0.0,0.0,1.0,0.0,0.0,0.0,0.0,0.0,0.0,0.0,0.0,0.0,0.0,0.0,0.0,0.0,0.0,0.0,0.0,0.0,0.0,0.0,0.0,0.0,1.0,0.0,0.0,0.0,0.0,0.0,0.0,0.0,0.0,0.0,0.0,0.0,0.0,0.0,0.0,0.0,0.0,0.0,0.0,1.0,2.0
Niasse,144.0,34.0,24.0,-2.0,1.0,18.0,1.0,0.0,34.0,0.3333333333333333,63.33333333333334,1.0,2.5,60.2,0.9,1.6,74.0,1.0,2.357142857142857,736.0,33.0,17.0,351.0,13.0,0.0,0.0,0.0,0.0,0.0,0.0,0.0,0.0,0.0,0.0,0.0,0.0,1.0,0.0,0.0,0.0,0.0,0.0,0.0,0.0,0.0,0.0,0.0,0.0,0.0,0.0,0.0,0.0,0.0,0.0,0.0,0.0,0.0,0.0,0.0,0.0,0.0,1.0,0.0,0.0,0.0,0.0,0.0,0.0,1.0,2.0
Jakupovic,146.0,34.0,90.0,6.0,1.0,18.0,1.0,0.0,34.0,3.333333333333333,90.0,1.0,2.3,90.0,1.0,2.8,90.0,1.0,3.5,1710.0,70.0,17.0,356.0,19.0,0.0,0.0,0.0,0.0,0.0,0.0,0.0,0.0,0.0,0.0,0.0,0.0,1.0,0.0,0.0,0.0,0.0,0.0,0.0,0.0,0.0,0.0,0.0,0.0,0.0,0.0,0.0,0.0,0.0,0.0,0.0,0.0,0.0,0.0,0.0,0.0,0.0,1.0,0.0,0.0,0.0,1.0,0.0,0.0,0.0,14.0
Robertson,151.0,34.0,90.0,5.0,1.0,18.0,1.0,0.0,34.0,2.333333333333333,90.0,1.0,2.7,90.0,1.0,4.2,90.0,1.0,2.2333333333333334,2493.0,67.0,17.0,356.0,29.0,0.0,0.0,0.0,0.0,0.0,0.0,0.0,0.0,0.0,0.0,0.0,0.0,1.0,0.0,0.0,0.0,0.0,0.0,0.0,0.0,0.0,0.0,0.0,0.0,0.0,0.0,0.0,0.0,0.0,0.0,0.0,0.0,0.0,0.0,0.0,0.0,0.0,1.0,0.0,0.0,0.0,0.0,1.0,0.0,0.0,6.0
Maguire,152.0,34.0,90.0,9.0,1.0,18.0,1.0,0.0,34.0,5.333333333333333,60.0,0.6666666666666666,3.3,80.0,0.9,5.0,70.0,0.8,2.4074074074074074,2078.0,65.0,17.0,356.0,26.0,0.0,0.0,0.0,0.0,0.0,0.0,0.0,0.0,0.0,0.0,0.0,0.0,1.0,0.0,0.0,0.0,0.0,0.0,0.0,0.0,0.0,0.0,0.0,0.0,0.0,0.0,0.0,0.0,0.0,0.0,0.0,0.0,0.0,0.0,0.0,0.0,0.0,1.0,0.0,0.0,0.0,0.0,1.0,0.0,0.0,5.0
Clucas,155.0,34.0,90.0,10.0,1.0,18.0,1.0,0.0,34.0,4.333333333333333,79.0,1.0,2.8,77.7,0.9,3.2,83.4,1.0,2.2058823529411766,2826.0,75.0,17.0,356.0,33.0,0.0,0.0,0.0,0.0,0.0,0.0,0.0,0.0,0.0,0.0,0.0,0.0,1.0,0.0,0.0,0.0,0.0,0.0,0.0,0.0,0.0,0.0,0.0,0.0,0.0,0.0,0.0,0.0,0.0,0.0,0.0,0.0,0.0,0.0,0.0,0.0,0.0,1.0,0.0,0.0,0.0,0.0,0.0,1.0,0.0,3.0
Livermore,156.0,34.0,90.0,2.0,1.0,8.0,1.0,0.0,34.0,2.0,90.0,1.0,1.9,87.0,1.0,1.8,84.0,1.0,2.0294117647058822,2648.0,69.0,19.0,358.0,33.0,0.0,0.0,1.0,0.0,0.0,0.0,0.0,0.0,0.0,0.0,0.0,0.0,0.0,0.0,0.0,0.0,0.0,0.0,0.0,0.0,0.0,0.0,0.0,0.0,0.0,0.0,0.0,0.0,0.0,0.0,0.0,0.0,1.0,0.0,0.0,0.0,0.0,0.0,0.0,0.0,0.0,0.0,0.0,1.0,0.0,2.0
Elmohamady,157.0,34.0,90.0,3.0,1.0,18.0,1.0,0.0,34.0,1.3333333333333333,61.66666666666666,1.0,1.8,59.1,1.0,1.6,73.0,1.0,1.8333333333333333,2239.0,55.0,17.0,356.0,29.0,0.0,0.0,0.0,0.0,0.0,0.0,0.0,0.0,0.0,0.0,0.0,0.0,1.0,0.0,0.0,0.0,0.0,0.0,0.0,0.0,0.0,0.0,0.0,0.0,0.0,0.0,0.0,0.0,0.0,0.0,0.0,0.0,0.0,0.0,0.0,0.0,0.0,1.0,0.0,0.0,0.0,0.0,0.0,1.0,0.0,3.0
Schmeichel,164.0,34.0,90.0,9.0,0.0,19.0,1.0,1.0,34.0,4.333333333333333,90.0,1.0,3.7,90.0,1.0,4.2,90.0,1.0,3.4074074074074074,2306.0,92.0,16.0,357.0,26.0,0.0,0.0,0.0,0.0,0.0,0.0,0.0,0.0,0.0,0.0,0.0,0.0,0.0,0.0,0.0,0.0,0.0,1.0,0.0,0.0,0.0,0.0,0.0,0.0,0.0,0.0,1.0,0.0,0.0,0.0,0.0,0.0,0.0,0.0,0.0,0.0,0.0,0.0,0.0,0.0,0.0,1.0,0.0,0.0,0.0,11.0
Fuchs,167.0,34.0,90.0,8.0,0.0,19.0,1.0,1.0,34.0,4.333333333333333,90.0,1.0,4.0,76.5,0.9,4.0,72.0,0.8,2.878787878787879,2743.0,95.0,16.0,357.0,32.0,0.0,0.0,0.0,0.0,0.0,0.0,0.0,0.0,0.0,0.0,0.0,0.0,0.0,0.0,0.0,0.0,0.0,1.0,0.0,0.0,0.0,0.0,0.0,0.0,0.0,0.0,1.0,0.0,0.0,0.0,0.0,0.0,0.0,0.0,0.0,0.0,0.0,0.0,0.0,0.0,0.0,0.0,1.0,0.0,0.0,8.0
Simpson,171.0,34.0,90.0,6.0,0.0,19.0,1.0,1.0,34.0,2.333333333333333,90.0,1.0,3.4,78.9,0.9,2.6,72.0,0.8,2.46875,2628.0,79.0,16.0,357.0,31.0,0.0,0.0,0.0,0.0,0.0,0.0,0.0,0.0,0.0,0.0,0.0,0.0,0.0,0.0,0.0,0.0,0.0,1.0,0.0,0.0,0.0,0.0,0.0,0.0,0.0,0.0,1.0,0.0,0.0,0.0,0.0,0.0,0.0,0.0,0.0,0.0,0.0,0.0,0.0,0.0,0.0,0.0,1.0,0.0,0.0,6.0
Huth,172.0,34.0,90.0,6.0,0.0,19.0,1.0,1.0,34.0,4.333333333333333,90.0,1.0,3.8,90.0,1.0,3.6,90.0,1.0,2.484848484848485,2836.0,82.0,16.0,357.0,32.0,0.0,0.0,0.0,0.0,0.0,0.0,0.0,0.0,0.0,0.0,0.0,0.0,0.0,0.0,0.0,0.0,0.0,1.0,0.0,0.0,0.0,0.0,0.0,0.0,0.0,0.0,1.0,0.0,0.0,0.0,0.0,0.0,0.0,0.0,0.0,0.0,0.0,0.0,0.0,0.0,0.0,0.0,1.0,0.0,0.0,6.0
Benalouane,173.0,34.0,90.0,5.0,0.0,19.0,1.0,1.0,34.0,2.333333333333333,84.66666666666667,1.0,2.0,61.4,0.7,2.6,86.8,1.0,2.5,614.0,20.0,16.0,357.0,7.0,0.0,0.0,0.0,0.0,0.0,0.0,0.0,0.0,0.0,0.0,0.0,0.0,0.0,0.0,0.0,0.0,0.0,1.0,0.0,0.0,0.0,0.0,0.0,0.0,0.0,0.0,1.0,0.0,0.0,0.0,0.0,0.0,0.0,0.0,0.0,0.0,0.0,0.0,0.0,0.0,0.0,0.0,1.0,0.0,0.0,6.0
Mahrez,175.0,34.0,80.0,3.0,0.0,19.0,1.0,1.0,34.0,3.333333333333333,81.33333333333333,1.0,3.9,79.1,1.0,2.8,72.8,1.0,3.272727272727273,2479.0,108.0,16.0,357.0,32.0,0.0,0.0,0.0,0.0,0.0,0.0,0.0,0.0,0.0,0.0,0.0,0.0,0.0,0.0,0.0,0.0,0.0,1.0,0.0,0.0,0.0,0.0,0.0,0.0,0.0,0.0,1.0,0.0,0.0,0.0,0.0,0.0,0.0,0.0,0.0,0.0,0.0,0.0,0.0,0.0,0.0,0.0,0.0,1.0,0.0,9.0
Albrighton,176.0,34.0,90.0,3.0,0.0,19.0,1.0,1.0,34.0,2.333333333333333,90.0,1.0,3.5,69.1,0.9,4.4,75.2,1.0,2.6666666666666665,2081.0,80.0,16.0,357.0,29.0,0.0,0.0,0.0,0.0,0.0,0.0,0.0,0.0,0.0,0.0,0.0,0.0,0.0,0.0,0.0,0.0,0.0,1.0,0.0,0.0,0.0,0.0,0.0,0.0,0.0,0.0,1.0,0.0,0.0,0.0,0.0,0.0,0.0,0.0,0.0,0.0,0.0,0.0,0.0,0.0,0.0,0.0,0.0,1.0,0.0,8.0
Drinkwater,178.0,34.0,90.0,2.0,0.0,19.0,1.0,1.0,34.0,1.6666666666666667,69.0,1.0,2.5,83.7,1.0,2.0,77.4,1.0,2.2758620689655173,2400.0,66.0,16.0,357.0,28.0,0.0,0.0,0.0,0.0,0.0,0.0,0.0,0.0,0.0,0.0,0.0,0.0,0.0,0.0,0.0,0.0,0.0,1.0,0.0,0.0,0.0,0.0,0.0,0.0,0.0,0.0,1.0,0.0,0.0,0.0,0.0,0.0,0.0,0.0,0.0,0.0,0.0,0.0,0.0,0.0,0.0,0.0,0.0,1.0,0.0,3.0
Vardy,183.0,34.0,90.0,9.0,0.0,19.0,1.0,1.0,34.0,6.666666666666668,90.0,1.0,7.2,84.5,1.0,6.8,84.0,1.0,4.375,2454.0,140.0,16.0,357.0,31.0,0.0,0.0,0.0,0.0,0.0,0.0,0.0,0.0,0.0,0.0,0.0,0.0,0.0,0.0,0.0,0.0,0.0,1.0,0.0,0.0,0.0,0.0,0.0,0.0,0.0,0.0,1.0,0.0,0.0,0.0,0.0,0.0,0.0,0.0,0.0,0.0,0.0,0.0,0.0,0.0,0.0,0.0,0.0,0.0,1.0,8.0
Okazaki,185.0,34.0,66.0,5.0,0.0,19.0,1.0,1.0,34.0,2.0,29.0,0.6666666666666666,1.6,43.2,0.7,1.6,29.6,0.6,1.8928571428571428,1386.0,53.0,16.0,357.0,27.0,0.0,0.0,0.0,0.0,0.0,0.0,0.0,0.0,0.0,0.0,0.0,0.0,0.0,0.0,0.0,0.0,0.0,1.0,0.0,0.0,0.0,0.0,0.0,0.0,0.0,0.0,1.0,0.0,0.0,0.0,0.0,0.0,0.0,0.0,0.0,0.0,0.0,0.0,0.0,0.0,0.0,0.0,0.0,0.0,1.0,2.0
Mignolet,187.0,34.0,90.0,1.0,1.0,5.0,1.0,0.0,34.0,3.6666666666666665,90.0,1.0,3.1,90.0,1.0,3.0,90.0,1.0,3.32,2160.0,83.0,17.0,339.0,24.0,0.0,0.0,0.0,0.0,0.0,0.0,0.0,0.0,0.0,0.0,0.0,0.0,0.0,0.0,0.0,0.0,0.0,1.0,0.0,0.0,0.0,0.0,0.0,0.0,0.0,0.0,0.0,1.0,0.0,0.0,0.0,0.0,0.0,0.0,0.0,0.0,0.0,0.0,0.0,0.0,0.0,1.0,0.0,0.0,0.0,7.0
Lovren,190.0,34.0,78.0,1.0,1.0,5.0,1.0,0.0,34.0,3.333333333333333,86.0,1.0,1.3,43.8,0.5,2.6,87.6,1.0,3.1538461538461537,2193.0,82.0,17.0,339.0,25.0,0.0,0.0,0.0,0.0,0.0,0.0,0.0,0.0,0.0,0.0,0.0,0.0,0.0,0.0,0.0,0.0,0.0,1.0,0.0,0.0,0.0,0.0,0.0,0.0,0.0,0.0,0.0,1.0,0.0,0.0,0.0,0.0,0.0,0.0,0.0,0.0,0.0,0.0,0.0,0.0,0.0,0.0,1.0,0.0,0.0,6.0
Clyne,192.0,34.0,83.0,1.0,1.0,5.0,1.0,0.0,34.0,4.0,87.66666666666669,1.0,2.8,89.3,1.0,3.0,88.6,1.0,3.0588235294117645,2963.0,104.0,17.0,339.0,33.0,0.0,0.0,0.0,0.0,0.0,0.0,0.0,0.0,0.0,0.0,0.0,0.0,0.0,0.0,0.0,0.0,0.0,1.0,0.0,0.0,0.0,0.0,0.0,0.0,0.0,0.0,0.0,1.0,0.0,0.0,0.0,0.0,0.0,0.0,0.0,0.0,0.0,0.0,0.0,0.0,0.0,0.0,1.0,0.0,0.0,6.0
Matip,198.0,34.0,90.0,1.0,1.0,5.0,1.0,0.0,34.0,3.6666666666666665,90.0,1.0,2.5,83.6,1.0,2.8,77.2,1.0,2.6538461538461537,2097.0,69.0,17.0,339.0,25.0,0.0,0.0,0.0,0.0,0.0,0.0,0.0,0.0,0.0,0.0,0.0,0.0,0.0,0.0,0.0,0.0,0.0,1.0,0.0,0.0,0.0,0.0,0.0,0.0,0.0,0.0,0.0,1.0,0.0,0.0,0.0,0.0,0.0,0.0,0.0,0.0,0.0,0.0,0.0,0.0,0.0,0.0,1.0,0.0,0.0,8.0
Lucas,199.0,34.0,90.0,2.0,1.0,5.0,1.0,0.0,34.0,2.333333333333333,60.0,0.6666666666666666,2.3,53.9,0.9,3.0,72.0,0.8,1.761904761904762,938.0,37.0,17.0,339.0,20.0,0.0,0.0,0.0,0.0,0.0,0.0,0.0,0.0,0.0,0.0,0.0,0.0,0.0,0.0,0.0,0.0,0.0,1.0,0.0,0.0,0.0,0.0,0.0,0.0,0.0,0.0,0.0,1.0,0.0,0.0,0.0,0.0,0.0,0.0,0.0,0.0,0.0,0.0,0.0,0.0,0.0,0.0,0.0,1.0,0.0,5.0
Allen,201.0,34.0,90.0,2.0,0.0,16.0,1.0,1.0,34.0,1.0,38.66666666666666,0.6666666666666666,2.5,73.4,0.9,1.4,58.0,0.8,3.333333333333333,2622.0,110.0,17.0,356.0,32.0,0.0,0.0,0.0,0.0,0.0,0.0,0.0,0.0,0.0,0.0,0.0,0.0,0.0,0.0,0.0,0.0,0.0,0.0,0.0,1.0,0.0,0.0,0.0,0.0,0.0,0.0,0.0,0.0,0.0,0.0,0.0,0.0,0.0,0.0,0.0,0.0,0.0,0.0,0.0,0.0,1.0,0.0,0.0,1.0,0.0,3.0
Can,203.0,34.0,90.0,2.0,1.0,5.0,1.0,0.0,34.0,2.333333333333333,90.0,1.0,3.0,82.4,1.0,2.0,90.0,1.0,2.896551724137931,2011.0,84.0,17.0,339.0,28.0,0.0,0.0,0.0,0.0,0.0,0.0,0.0,0.0,0.0,0.0,0.0,0.0,0.0,0.0,0.0,0.0,0.0,1.0,0.0,0.0,0.0,0.0,0.0,0.0,0.0,0.0,0.0,1.0,0.0,0.0,0.0,0.0,0.0,0.0,0.0,0.0,0.0,0.0,0.0,0.0,0.0,0.0,0.0,1.0,0.0,11.0
Lallana,204.0,34.0,0.0,0.0,1.0,5.0,0.0,0.0,34.0,0.0,0.0,0.0,1.0,42.5,0.5,0.0,0.0,0.0,4.392857142857143,2064.0,123.0,17.0,339.0,27.0,0.0,0.0,0.0,0.0,0.0,0.0,0.0,0.0,0.0,0.0,0.0,0.0,0.0,0.0,0.0,0.0,0.0,1.0,0.0,0.0,0.0,0.0,0.0,0.0,0.0,0.0,0.0,1.0,0.0,0.0,0.0,0.0,0.0,0.0,0.0,0.0,0.0,0.0,0.0,0.0,0.0,0.0,0.0,1.0,0.0,3.0
Markovic,205.0,34.0,81.0,7.0,1.0,18.0,1.0,0.0,34.0,3.333333333333333,85.33333333333333,1.0,2.9,76.2,0.9,4.2,87.2,1.0,2.8181818181818183,852.0,31.0,16.0,371.0,10.0,0.0,0.0,0.0,0.0,0.0,0.0,0.0,0.0,0.0,0.0,0.0,0.0,1.0,0.0,0.0,0.0,0.0,0.0,0.0,0.0,0.0,0.0,0.0,0.0,0.0,0.0,0.0,0.0,0.0,0.0,0.0,0.0,0.0,0.0,0.0,0.0,0.0,1.0,0.0,0.0,0.0,0.0,0.0,1.0,0.0,3.0
Milner,207.0,34.0,81.0,2.0,1.0,5.0,1.0,0.0,34.0,2.333333333333333,87.0,1.0,2.8,89.1,1.0,2.2,88.2,1.0,3.9090909090909087,2799.0,129.0,17.0,339.0,32.0,0.0,0.0,0.0,0.0,0.0,0.0,0.0,0.0,0.0,0.0,0.0,0.0,0.0,0.0,0.0,0.0,0.0,1.0,0.0,0.0,0.0,0.0,0.0,0.0,0.0,0.0,0.0,1.0,0.0,0.0,0.0,0.0,0.0,0.0,0.0,0.0,0.0,0.0,0.0,0.0,0.0,0.0,0.0,1.0,0.0,3.0
Firmino,208.0,34.0,90.0,2.0,1.0,5.0,1.0,0.0,34.0,6.0,75.0,1.0,5.2,76.2,0.9,5.6,80.8,1.0,5.090909090909091,2804.0,168.0,17.0,339.0,32.0,0.0,0.0,0.0,0.0,0.0,0.0,0.0,0.0,0.0,0.0,0.0,0.0,0.0,0.0,0.0,0.0,0.0,1.0,0.0,0.0,0.0,0.0,0.0,0.0,0.0,0.0,0.0,1.0,0.0,0.0,0.0,0.0,0.0,0.0,0.0,0.0,0.0,0.0,0.0,0.0,0.0,0.0,0.0,1.0,0.0,3.0
Christian Benteke,212.0,34.0,80.0,2.0,1.0,17.0,1.0,1.0,34.0,6.666666666666668,85.66666666666667,1.0,4.4,88.7,1.0,5.4,87.4,1.0,3.7575757575757582,2791.0,124.0,16.0,361.0,32.0,0.0,0.0,1.0,0.0,0.0,0.0,0.0,0.0,0.0,0.0,0.0,0.0,0.0,0.0,0.0,0.0,0.0,0.0,0.0,0.0,0.0,0.0,0.0,0.0,0.0,0.0,0.0,0.0,0.0,0.0,0.0,1.0,0.0,0.0,0.0,0.0,0.0,0.0,0.0,0.0,0.0,0.0,0.0,0.0,1.0,1.0
Origi,216.0,34.0,90.0,2.0,1.0,5.0,1.0,0.0,34.0,2.0,79.33333333333333,1.0,2.9,49.4,0.9,3.6,72.4,1.0,2.7419354838709675,1219.0,85.0,17.0,339.0,30.0,0.0,0.0,0.0,0.0,0.0,0.0,0.0,0.0,0.0,0.0,0.0,0.0,0.0,0.0,0.0,0.0,0.0,1.0,0.0,0.0,0.0,0.0,0.0,0.0,0.0,0.0,0.0,1.0,0.0,0.0,0.0,0.0,0.0,0.0,0.0,0.0,0.0,0.0,0.0,0.0,0.0,0.0,0.0,0.0,1.0,2.0
Caballero,218.0,34.0,90.0,2.0,0.0,12.0,1.0,1.0,34.0,1.0,34.0,0.6666666666666666,3.3,64.2,0.8,1.8,38.4,0.6,3.3571428571428568,1092.0,47.0,16.0,350.0,13.0,0.0,0.0,0.0,0.0,1.0,0.0,0.0,0.0,0.0,0.0,0.0,0.0,0.0,0.0,0.0,0.0,0.0,0.0,0.0,0.0,0.0,0.0,0.0,0.0,0.0,0.0,0.0,0.0,0.0,0.0,0.0,0.0,0.0,1.0,0.0,0.0,0.0,0.0,0.0,0.0,0.0,1.0,0.0,0.0,0.0,6.0
Kompany,221.0,34.0,90.0,0.0,0.0,12.0,1.0,1.0,34.0,7.666666666666668,90.0,1.0,2.3,36.0,0.4,4.6,72.0,0.8,3.25,474.0,26.0,16.0,350.0,7.0,0.0,0.0,0.0,0.0,1.0,0.0,0.0,0.0,0.0,0.0,0.0,0.0,0.0,0.0,0.0,0.0,0.0,0.0,0.0,0.0,0.0,0.0,0.0,0.0,0.0,0.0,0.0,0.0,0.0,0.0,0.0,0.0,0.0,1.0,0.0,0.0,0.0,0.0,0.0,0.0,0.0,0.0,1.0,0.0,0.0,11.0
Clichy,222.0,34.0,49.0,1.0,0.0,12.0,1.0,1.0,34.0,2.6666666666666665,46.33333333333334,0.6666666666666666,2.7,67.9,0.8,2.0,63.8,0.8,3.1739130434782608,1853.0,73.0,16.0,350.0,22.0,0.0,0.0,0.0,0.0,1.0,0.0,0.0,0.0,0.0,0.0,0.0,0.0,0.0,0.0,0.0,0.0,0.0,0.0,0.0,0.0,0.0,0.0,0.0,0.0,0.0,0.0,0.0,0.0,0.0,0.0,0.0,0.0,0.0,1.0,0.0,0.0,0.0,0.0,0.0,0.0,0.0,0.0,1.0,0.0,0.0,6.0
Otamendi,225.0,34.0,90.0,0.0,0.0,12.0,1.0,1.0,34.0,4.0,90.0,1.0,2.2,56.1,0.7,2.4,54.0,0.6,2.814814814814815,2232.0,76.0,16.0,350.0,26.0,0.0,0.0,0.0,0.0,1.0,0.0,0.0,0.0,0.0,0.0,0.0,0.0,0.0,0.0,0.0,0.0,0.0,0.0,0.0,0.0,0.0,0.0,0.0,0.0,0.0,0.0,0.0,0.0,0.0,0.0,0.0,0.0,0.0,1.0,0.0,0.0,0.0,0.0,0.0,0.0,0.0,0.0,1.0,0.0,0.0,14.0
Sterling,227.0,34.0,41.0,0.0,0.0,12.0,1.0,1.0,34.0,1.3333333333333333,43.66666666666666,1.0,3.3,53.9,0.9,2.8,46.6,1.0,4.34375,2342.0,139.0,16.0,350.0,31.0,0.0,0.0,0.0,0.0,1.0,0.0,0.0,0.0,0.0,0.0,0.0,0.0,0.0,0.0,0.0,0.0,0.0,0.0,0.0,0.0,0.0,0.0,0.0,0.0,0.0,0.0,0.0,0.0,0.0,0.0,0.0,0.0,0.0,1.0,0.0,0.0,0.0,0.0,0.0,0.0,0.0,0.0,0.0,1.0,0.0,8.0
Silva,229.0,34.0,0.0,0.0,0.0,12.0,0.0,1.0,34.0,2.0,26.66666666666667,0.3333333333333333,3.1,63.4,0.8,3.0,48.4,0.6,3.4838709677419355,2452.0,108.0,16.0,350.0,30.0,0.0,0.0,0.0,0.0,1.0,0.0,0.0,0.0,0.0,0.0,0.0,0.0,0.0,0.0,0.0,0.0,0.0,0.0,0.0,0.0,0.0,0.0,0.0,0.0,0.0,0.0,0.0,0.0,0.0,0.0,0.0,0.0,0.0,1.0,0.0,0.0,0.0,0.0,0.0,0.0,0.0,0.0,0.0,1.0,0.0,9.0
Yaya Touré,230.0,34.0,0.0,0.0,0.0,12.0,0.0,1.0,34.0,2.0,60.0,0.6666666666666666,1.9,58.3,0.8,1.8,50.6,0.6,3.1818181818181817,1619.0,70.0,16.0,350.0,21.0,0.0,0.0,0.0,0.0,1.0,0.0,0.0,0.0,0.0,0.0,0.0,0.0,0.0,0.0,0.0,0.0,0.0,0.0,0.0,0.0,0.0,0.0,0.0,0.0,0.0,0.0,0.0,0.0,0.0,0.0,0.0,0.0,0.0,1.0,0.0,0.0,0.0,0.0,0.0,0.0,0.0,0.0,0.0,1.0,0.0,3.0
Fernandinho,232.0,34.0,90.0,2.0,0.0,12.0,1.0,1.0,34.0,2.6666666666666665,90.0,1.0,2.2,81.0,0.9,2.0,72.0,0.8,2.1724137931034484,2395.0,63.0,16.0,350.0,28.0,0.0,0.0,0.0,0.0,1.0,0.0,0.0,0.0,0.0,0.0,0.0,0.0,0.0,0.0,0.0,0.0,0.0,0.0,0.0,0.0,0.0,0.0,0.0,0.0,0.0,0.0,0.0,0.0,0.0,0.0,0.0,0.0,0.0,1.0,0.0,0.0,0.0,0.0,0.0,0.0,0.0,0.0,0.0,1.0,0.0,3.0
De Bruyne,234.0,34.0,90.0,2.0,0.0,12.0,1.0,1.0,34.0,5.666666666666668,90.0,1.0,3.9,72.1,0.9,3.8,69.6,0.8,4.787878787878788,2526.0,158.0,16.0,350.0,32.0,0.0,0.0,0.0,0.0,1.0,0.0,0.0,0.0,0.0,0.0,0.0,0.0,0.0,0.0,0.0,0.0,0.0,0.0,0.0,0.0,0.0,0.0,0.0,0.0,0.0,0.0,0.0,0.0,0.0,0.0,0.0,0.0,0.0,1.0,0.0,0.0,0.0,0.0,0.0,0.0,0.0,0.0,0.0,1.0,0.0,17.0
de Gea,241.0,34.0,90.0,3.0,1.0,16.0,1.0,0.0,34.0,6.666666666666668,90.0,1.0,4.6,81.0,0.9,5.2,72.0,0.8,3.9117647058823533,2970.0,133.0,18.0,362.0,33.0,1.0,0.0,0.0,0.0,0.0,0.0,0.0,0.0,0.0,0.0,0.0,0.0,0.0,0.0,0.0,0.0,0.0,0.0,0.0,0.0,0.0,1.0,0.0,0.0,0.0,0.0,0.0,0.0,0.0,0.0,0.0,0.0,0.0,0.0,0.0,0.0,0.0,0.0,0.0,0.0,0.0,1.0,0.0,0.0,0.0,1.0
Smalling,243.0,34.0,0.0,0.0,1.0,16.0,0.0,0.0,34.0,0.0,0.0,0.0,0.8,18.0,0.2,0.0,0.0,0.0,2.75,947.0,44.0,18.0,362.0,15.0,1.0,0.0,0.0,0.0,0.0,0.0,0.0,0.0,0.0,0.0,0.0,0.0,0.0,0.0,0.0,0.0,0.0,0.0,0.0,0.0,0.0,1.0,0.0,0.0,0.0,0.0,0.0,0.0,0.0,0.0,0.0,0.0,0.0,0.0,0.0,0.0,0.0,0.0,0.0,0.0,0.0,0.0,1.0,0.0,0.0,1.0
Jones,244.0,34.0,0.0,0.0,1.0,16.0,0.0,0.0,34.0,0.0,0.0,0.0,0.3,18.0,0.2,0.0,0.0,0.0,2.8,1224.0,42.0,18.0,362.0,14.0,1.0,0.0,0.0,0.0,0.0,0.0,0.0,0.0,0.0,0.0,0.0,0.0,0.0,0.0,0.0,0.0,0.0,0.0,0.0,0.0,0.0,1.0,0.0,0.0,0.0,0.0,0.0,0.0,0.0,0.0,0.0,0.0,0.0,0.0,0.0,0.0,0.0,0.0,0.0,0.0,0.0,0.0,1.0,0.0,0.0,1.0
Darmian,250.0,34.0,30.0,1.0,1.0,16.0,1.0,0.0,34.0,4.333333333333333,70.0,1.0,2.7,39.1,0.6,5.2,78.0,1.0,3.647058823529412,1153.0,62.0,18.0,362.0,16.0,1.0,0.0,0.0,0.0,0.0,0.0,0.0,0.0,0.0,0.0,0.0,0.0,0.0,0.0,0.0,0.0,0.0,0.0,0.0,0.0,0.0,1.0,0.0,0.0,0.0,0.0,0.0,0.0,0.0,0.0,0.0,0.0,0.0,0.0,0.0,0.0,0.0,0.0,0.0,0.0,0.0,0.0,1.0,0.0,0.0,1.0
Mata,255.0,34.0,0.0,0.0,1.0,16.0,0.0,0.0,34.0,0.0,0.0,0.0,2.1,22.9,0.3,0.0,0.0,0.0,4.130434782608695,1385.0,95.0,18.0,362.0,22.0,1.0,0.0,0.0,0.0,0.0,0.0,0.0,0.0,0.0,0.0,0.0,0.0,0.0,0.0,0.0,0.0,0.0,0.0,0.0,0.0,0.0,1.0,0.0,0.0,0.0,0.0,0.0,0.0,0.0,0.0,0.0,0.0,0.0,0.0,0.0,0.0,0.0,0.0,0.0,0.0,0.0,0.0,0.0,1.0,0.0,2.0
Carrick,258.0,34.0,90.0,2.0,1.0,16.0,1.0,0.0,34.0,2.0,60.33333333333334,1.0,1.5,52.5,0.8,1.4,42.4,0.8,1.85,1348.0,37.0,18.0,362.0,19.0,1.0,0.0,0.0,0.0,0.0,0.0,0.0,0.0,0.0,0.0,0.0,0.0,0.0,0.0,0.0,0.0,0.0,0.0,0.0,0.0,0.0,1.0,0.0,0.0,0.0,0.0,0.0,0.0,0.0,0.0,0.0,0.0,0.0,0.0,0.0,0.0,0.0,0.0,0.0,0.0,0.0,0.0,0.0,1.0,0.0,2.0
Herrera,261.0,34.0,90.0,3.0,1.0,16.0,1.0,0.0,34.0,4.333333333333333,90.0,1.0,3.7,63.0,0.7,6.4,90.0,1.0,3.2068965517241383,2357.0,93.0,18.0,362.0,28.0,1.0,0.0,0.0,0.0,0.0,0.0,0.0,0.0,0.0,0.0,0.0,0.0,0.0,0.0,0.0,0.0,0.0,0.0,0.0,0.0,0.0,1.0,0.0,0.0,0.0,0.0,0.0,0.0,0.0,0.0,0.0,0.0,0.0,0.0,0.0,0.0,0.0,0.0,0.0,0.0,0.0,0.0,0.0,1.0,0.0,2.0
Martial,266.0,34.0,90.0,1.0,1.0,16.0,1.0,0.0,34.0,6.0,82.66666666666667,1.0,3.6,53.2,0.8,3.6,52.2,0.8,3.8181818181818175,1239.0,84.0,18.0,362.0,21.0,1.0,0.0,0.0,0.0,0.0,0.0,0.0,0.0,0.0,0.0,0.0,0.0,0.0,0.0,0.0,0.0,0.0,0.0,0.0,0.0,0.0,1.0,0.0,0.0,0.0,0.0,0.0,0.0,0.0,0.0,0.0,0.0,0.0,0.0,0.0,0.0,0.0,0.0,0.0,0.0,0.0,0.0,0.0,1.0,0.0,2.0
Rooney,268.0,34.0,79.0,8.0,1.0,16.0,1.0,0.0,34.0,4.333333333333333,56.33333333333334,0.6666666666666666,1.5,25.5,0.4,2.6,33.8,0.4,2.9090909090909087,1183.0,64.0,18.0,362.0,21.0,1.0,0.0,0.0,0.0,0.0,0.0,0.0,0.0,0.0,0.0,0.0,0.0,0.0,0.0,0.0,0.0,0.0,0.0,0.0,0.0,0.0,1.0,0.0,0.0,0.0,0.0,0.0,0.0,0.0,0.0,0.0,0.0,0.0,0.0,0.0,0.0,0.0,0.0,0.0,0.0,0.0,0.0,0.0,0.0,1.0,2.0
Friend,275.0,34.0,90.0,6.0,1.0,15.0,1.0,1.0,34.0,2.0,84.66666666666667,1.0,0.6,34.4,0.4,1.2,50.8,0.6,2.4761904761904763,1604.0,52.0,17.0,360.0,20.0,0.0,0.0,0.0,0.0,0.0,0.0,0.0,0.0,0.0,1.0,0.0,0.0,0.0,0.0,0.0,0.0,0.0,0.0,0.0,0.0,0.0,0.0,0.0,0.0,0.0,0.0,0.0,0.0,0.0,0.0,1.0,0.0,0.0,0.0,0.0,0.0,0.0,0.0,0.0,0.0,0.0,0.0,1.0,0.0,0.0,4.0
Gibson,277.0,34.0,90.0,7.0,1.0,15.0,1.0,1.0,34.0,2.6666666666666665,90.0,1.0,3.7,90.0,1.0,3.8,90.0,1.0,3.3714285714285714,3060.0,118.0,17.0,360.0,34.0,0.0,0.0,0.0,0.0,0.0,0.0,0.0,0.0,0.0,1.0,0.0,0.0,0.0,0.0,0.0,0.0,0.0,0.0,0.0,0.0,0.0,0.0,0.0,0.0,0.0,0.0,0.0,0.0,0.0,0.0,1.0,0.0,0.0,0.0,0.0,0.0,0.0,0.0,0.0,0.0,0.0,0.0,1.0,0.0,0.0,1.0
Downing,281.0,34.0,90.0,3.0,1.0,15.0,1.0,1.0,34.0,3.333333333333333,90.0,1.0,2.2,72.0,0.8,3.0,90.0,1.0,2.592592592592593,1885.0,70.0,17.0,360.0,26.0,0.0,0.0,0.0,0.0,0.0,0.0,0.0,0.0,0.0,1.0,0.0,0.0,0.0,0.0,0.0,0.0,0.0,0.0,0.0,0.0,0.0,0.0,0.0,0.0,0.0,0.0,0.0,0.0,0.0,0.0,1.0,0.0,0.0,0.0,0.0,0.0,0.0,0.0,0.0,0.0,0.0,0.0,0.0,1.0,0.0,2.0
Clayton,282.0,34.0,90.0,5.0,1.0,15.0,1.0,1.0,34.0,3.0,90.0,1.0,2.1,81.0,0.9,2.6,90.0,1.0,2.032258064516129,2444.0,63.0,17.0,360.0,30.0,0.0,0.0,0.0,0.0,0.0,0.0,0.0,0.0,0.0,1.0,0.0,0.0,0.0,0.0,0.0,0.0,0.0,0.0,0.0,0.0,0.0,0.0,0.0,0.0,0.0,0.0,0.0,0.0,0.0,0.0,1.0,0.0,0.0,0.0,0.0,0.0,0.0,0.0,0.0,0.0,0.0,0.0,0.0,1.0,0.0,2.0
Forshaw,285.0,34.0,90.0,3.0,1.0,15.0,1.0,1.0,34.0,1.6666666666666667,52.66666666666666,0.6666666666666666,1.2,39.1,0.6,1.6,49.6,0.6,2.3225806451612905,2401.0,72.0,17.0,360.0,30.0,0.0,0.0,0.0,0.0,0.0,0.0,0.0,0.0,0.0,1.0,0.0,0.0,0.0,0.0,0.0,0.0,0.0,0.0,0.0,0.0,0.0,0.0,0.0,0.0,0.0,0.0,0.0,0.0,0.0,0.0,1.0,0.0,0.0,0.0,0.0,0.0,0.0,0.0,0.0,0.0,0.0,0.0,0.0,1.0,0.0,1.0
de Roon,289.0,34.0,90.0,11.0,1.0,15.0,1.0,1.0,34.0,4.666666666666667,68.33333333333333,1.0,3.5,74.5,0.9,4.2,59.0,0.8,2.806451612903226,2503.0,87.0,17.0,360.0,30.0,0.0,0.0,0.0,0.0,0.0,0.0,0.0,0.0,0.0,1.0,0.0,0.0,0.0,0.0,0.0,0.0,0.0,0.0,0.0,0.0,0.0,0.0,0.0,0.0,0.0,0.0,0.0,0.0,0.0,0.0,1.0,0.0,0.0,0.0,0.0,0.0,0.0,0.0,0.0,0.0,0.0,0.0,0.0,1.0,0.0,1.0
Stuani,292.0,34.0,90.0,2.0,1.0,15.0,1.0,1.0,34.0,0.6666666666666666,30.0,0.3333333333333333,0.9,34.6,0.6,0.8,31.4,0.6,2.3043478260869565,1283.0,53.0,17.0,360.0,22.0,0.0,0.0,0.0,0.0,0.0,0.0,0.0,0.0,0.0,1.0,0.0,0.0,0.0,0.0,0.0,0.0,0.0,0.0,0.0,0.0,0.0,0.0,0.0,0.0,0.0,0.0,0.0,0.0,0.0,0.0,1.0,0.0,0.0,0.0,0.0,0.0,0.0,0.0,0.0,0.0,0.0,0.0,0.0,0.0,1.0,1.0
Forster,293.0,34.0,90.0,16.0,0.0,9.0,1.0,1.0,34.0,7.666666666666668,90.0,1.0,4.8,90.0,1.0,6.2,90.0,1.0,3.5142857142857142,3060.0,123.0,16.0,356.0,34.0,1.0,0.0,0.0,0.0,0.0,0.0,0.0,0.0,0.0,0.0,0.0,0.0,0.0,0.0,0.0,0.0,0.0,0.0,0.0,0.0,0.0,0.0,0.0,0.0,0.0,0.0,0.0,0.0,1.0,0.0,0.0,0.0,0.0,0.0,0.0,0.0,0.0,0.0,0.0,0.0,0.0,1.0,0.0,0.0,0.0,1.0
Bertrand,295.0,34.0,90.0,5.0,0.0,9.0,1.0,1.0,34.0,6.0,90.0,1.0,5.0,81.0,0.9,5.0,90.0,1.0,4.538461538461538,2237.0,118.0,16.0,356.0,25.0,1.0,0.0,0.0,0.0,0.0,0.0,0.0,0.0,0.0,0.0,0.0,0.0,0.0,0.0,0.0,0.0,0.0,0.0,0.0,0.0,0.0,0.0,0.0,0.0,0.0,0.0,0.0,0.0,1.0,0.0,0.0,0.0,0.0,0.0,0.0,0.0,0.0,0.0,0.0,0.0,0.0,0.0,1.0,0.0,0.0,1.0
Fonte,296.0,34.0,90.0,5.0,1.0,6.0,1.0,0.0,34.0,4.0,90.0,1.0,1.9,90.0,1.0,2.6,90.0,1.0,2.6333333333333333,2610.0,79.0,16.0,337.0,29.0,0.0,0.0,0.0,0.0,0.0,0.0,0.0,0.0,0.0,0.0,0.0,0.0,0.0,1.0,0.0,0.0,0.0,0.0,0.0,0.0,0.0,0.0,0.0,0.0,0.0,0.0,0.0,0.0,0.0,1.0,0.0,0.0,0.0,0.0,0.0,0.0,0.0,0.0,0.0,0.0,0.0,0.0,1.0,0.0,0.0,9.0
Yoshida,297.0,34.0,90.0,6.0,0.0,9.0,1.0,1.0,34.0,4.0,90.0,1.0,4.8,90.0,1.0,4.4,90.0,1.0,3.3,1710.0,66.0,16.0,356.0,19.0,1.0,0.0,0.0,0.0,0.0,0.0,0.0,0.0,0.0,0.0,0.0,0.0,0.0,0.0,0.0,0.0,0.0,0.0,0.0,0.0,0.0,0.0,0.0,0.0,0.0,0.0,0.0,0.0,1.0,0.0,0.0,0.0,0.0,0.0,0.0,0.0,0.0,0.0,0.0,0.0,0.0,0.0,1.0,0.0,0.0,1.0
Cédric,300.0,34.0,90.0,5.0,0.0,9.0,1.0,1.0,34.0,4.666666666666667,90.0,1.0,3.7,90.0,1.0,3.8,90.0,1.0,3.3571428571428568,2267.0,94.0,16.0,356.0,27.0,1.0,0.0,0.0,0.0,0.0,0.0,0.0,0.0,0.0,0.0,0.0,0.0,0.0,0.0,0.0,0.0,0.0,0.0,0.0,0.0,0.0,0.0,0.0,0.0,0.0,0.0,0.0,0.0,1.0,0.0,0.0,0.0,0.0,0.0,0.0,0.0,0.0,0.0,0.0,0.0,0.0,0.0,1.0,0.0,0.0,1.0
Redmond,303.0,34.0,31.0,1.0,0.0,9.0,1.0,1.0,34.0,1.6666666666666667,46.66666666666666,1.0,4.1,73.8,1.0,2.0,60.0,1.0,3.294117647058824,2604.0,112.0,16.0,356.0,33.0,1.0,0.0,0.0,0.0,0.0,0.0,0.0,0.0,0.0,0.0,0.0,0.0,0.0,0.0,0.0,0.0,0.0,0.0,0.0,0.0,0.0,0.0,0.0,0.0,0.0,0.0,0.0,0.0,1.0,0.0,0.0,0.0,0.0,0.0,0.0,0.0,0.0,0.0,0.0,0.0,0.0,0.0,0.0,1.0,0.0,2.0
Davis,304.0,34.0,90.0,3.0,0.0,9.0,1.0,1.0,34.0,2.6666666666666665,90.0,1.0,2.4,80.6,0.9,1.8,72.0,0.8,2.3793103448275863,2356.0,69.0,16.0,356.0,28.0,1.0,0.0,0.0,0.0,0.0,0.0,0.0,0.0,0.0,0.0,0.0,0.0,0.0,0.0,0.0,0.0,0.0,0.0,0.0,0.0,0.0,0.0,0.0,0.0,0.0,0.0,0.0,0.0,1.0,0.0,0.0,0.0,0.0,0.0,0.0,0.0,0.0,0.0,0.0,0.0,0.0,0.0,0.0,1.0,0.0,2.0
Ward-Prowse,305.0,34.0,90.0,2.0,0.0,9.0,1.0,1.0,34.0,1.3333333333333333,57.0,0.6666666666666666,3.6,70.9,0.9,1.6,60.0,0.8,3.071428571428572,1653.0,86.0,16.0,356.0,27.0,1.0,0.0,0.0,0.0,0.0,0.0,0.0,0.0,0.0,0.0,0.0,0.0,0.0,0.0,0.0,0.0,0.0,0.0,0.0,0.0,0.0,0.0,0.0,0.0,0.0,0.0,0.0,0.0,1.0,0.0,0.0,0.0,0.0,0.0,0.0,0.0,0.0,0.0,0.0,0.0,0.0,0.0,0.0,1.0,0.0,1.0
Tadic,307.0,34.0,90.0,3.0,0.0,9.0,1.0,1.0,34.0,1.6666666666666667,90.0,1.0,4.2,85.4,1.0,2.6,90.0,1.0,3.2580645161290325,2178.0,101.0,16.0,356.0,30.0,1.0,0.0,0.0,0.0,0.0,0.0,0.0,0.0,0.0,0.0,0.0,0.0,0.0,0.0,0.0,0.0,0.0,0.0,0.0,0.0,0.0,0.0,0.0,0.0,0.0,0.0,0.0,0.0,1.0,0.0,0.0,0.0,0.0,0.0,0.0,0.0,0.0,0.0,0.0,0.0,0.0,0.0,0.0,1.0,0.0,2.0
Oriol Romeu,309.0,34.0,90.0,3.0,0.0,9.0,1.0,1.0,34.0,4.333333333333333,90.0,1.0,2.2,72.0,0.8,2.6,54.0,0.6,2.25,2711.0,72.0,16.0,356.0,31.0,1.0,0.0,0.0,0.0,0.0,0.0,0.0,0.0,0.0,0.0,0.0,0.0,0.0,0.0,0.0,0.0,0.0,0.0,0.0,0.0,0.0,0.0,0.0,0.0,0.0,0.0,0.0,0.0,1.0,0.0,0.0,0.0,0.0,0.0,0.0,0.0,0.0,0.0,0.0,0.0,0.0,0.0,0.0,1.0,0.0,2.0
Butland,315.0,34.0,90.0,2.0,0.0,16.0,1.0,1.0,34.0,0.6666666666666666,30.0,0.3333333333333333,0.2,9.0,0.1,0.4,18.0,0.2,1.0,90.0,2.0,17.0,356.0,1.0,0.0,0.0,0.0,0.0,0.0,0.0,0.0,0.0,0.0,0.0,0.0,0.0,0.0,0.0,0.0,0.0,0.0,0.0,0.0,1.0,0.0,0.0,0.0,0.0,0.0,0.0,0.0,0.0,0.0,0.0,0.0,0.0,0.0,0.0,0.0,0.0,0.0,0.0,0.0,0.0,1.0,1.0,0.0,0.0,0.0,7.0
Shawcross,317.0,34.0,90.0,1.0,0.0,16.0,1.0,1.0,34.0,1.3333333333333333,90.0,1.0,2.4,90.0,1.0,1.2,90.0,1.0,2.59375,2790.0,83.0,17.0,356.0,31.0,0.0,0.0,0.0,0.0,0.0,0.0,0.0,0.0,0.0,0.0,0.0,0.0,0.0,0.0,0.0,0.0,0.0,0.0,0.0,1.0,0.0,0.0,0.0,0.0,0.0,0.0,0.0,0.0,0.0,0.0,0.0,0.0,0.0,0.0,0.0,0.0,0.0,0.0,0.0,0.0,1.0,0.0,1.0,0.0,0.0,6.0
Marc Wilson,318.0,34.0,0.0,0.0,1.0,8.0,0.0,0.0,34.0,0.0,0.0,0.0,0.0,0.0,0.0,0.0,0.0,0.0,0.0,0.0,0.0,17.0,354.0,0.0,0.0,0.0,1.0,0.0,0.0,0.0,0.0,0.0,0.0,0.0,0.0,0.0,0.0,0.0,0.0,0.0,0.0,0.0,0.0,0.0,0.0,0.0,0.0,0.0,0.0,0.0,0.0,0.0,0.0,0.0,0.0,0.0,1.0,0.0,0.0,0.0,0.0,0.0,0.0,0.0,0.0,0.0,1.0,0.0,0.0,0.0
Cameron,319.0,34.0,90.0,1.0,0.0,16.0,1.0,1.0,34.0,1.3333333333333333,90.0,1.0,1.9,63.9,0.8,1.2,72.0,0.8,2.4375,1269.0,39.0,17.0,356.0,15.0,0.0,0.0,0.0,0.0,0.0,0.0,0.0,0.0,0.0,0.0,0.0,0.0,0.0,0.0,0.0,0.0,0.0,0.0,0.0,1.0,0.0,0.0,0.0,0.0,0.0,0.0,0.0,0.0,0.0,0.0,0.0,0.0,0.0,0.0,0.0,0.0,0.0,0.0,0.0,0.0,1.0,0.0,1.0,0.0,0.0,6.0
Muniesa,321.0,34.0,0.0,0.0,0.0,16.0,0.0,1.0,34.0,0.6666666666666666,30.0,0.3333333333333333,0.4,18.0,0.2,0.8,36.0,0.4,3.375,469.0,27.0,17.0,356.0,7.0,0.0,0.0,0.0,0.0,0.0,0.0,0.0,0.0,0.0,0.0,0.0,0.0,0.0,0.0,0.0,0.0,0.0,0.0,0.0,1.0,0.0,0.0,0.0,0.0,0.0,0.0,0.0,0.0,0.0,0.0,0.0,0.0,0.0,0.0,0.0,0.0,0.0,0.0,0.0,0.0,1.0,0.0,1.0,0.0,0.0,5.0
Johnson,324.0,34.0,90.0,1.0,0.0,16.0,1.0,1.0,34.0,1.3333333333333333,90.0,1.0,1.2,48.3,0.6,1.0,72.0,0.8,2.333333333333333,1687.0,49.0,17.0,356.0,20.0,0.0,0.0,0.0,0.0,0.0,0.0,0.0,0.0,0.0,0.0,0.0,0.0,0.0,0.0,0.0,0.0,0.0,0.0,0.0,1.0,0.0,0.0,0.0,0.0,0.0,0.0,0.0,0.0,0.0,0.0,0.0,0.0,0.0,0.0,0.0,0.0,0.0,0.0,0.0,0.0,1.0,0.0,1.0,0.0,0.0,6.0
Whelan,328.0,34.0,0.0,0.0,0.0,16.0,0.0,1.0,34.0,0.3333333333333333,7.666666666666668,0.3333333333333333,1.5,36.5,0.6,0.4,18.4,0.4,1.9629629629629632,1927.0,53.0,17.0,356.0,26.0,0.0,0.0,0.0,0.0,0.0,0.0,0.0,0.0,0.0,0.0,0.0,0.0,0.0,0.0,0.0,0.0,0.0,0.0,0.0,1.0,0.0,0.0,0.0,0.0,0.0,0.0,0.0,0.0,0.0,0.0,0.0,0.0,0.0,0.0,0.0,0.0,0.0,0.0,0.0,0.0,1.0,0.0,0.0,1.0,0.0,3.0
Arnautovic,330.0,34.0,83.0,0.0,0.0,16.0,1.0,1.0,34.0,4.666666666666667,87.66666666666669,1.0,3.9,77.7,0.9,3.4,88.6,1.0,3.3666666666666667,2454.0,101.0,17.0,356.0,29.0,0.0,0.0,0.0,0.0,0.0,0.0,0.0,0.0,0.0,0.0,0.0,0.0,0.0,0.0,0.0,0.0,0.0,0.0,0.0,1.0,0.0,0.0,0.0,0.0,0.0,0.0,0.0,0.0,0.0,0.0,0.0,0.0,0.0,0.0,0.0,0.0,0.0,0.0,0.0,0.0,1.0,0.0,0.0,1.0,0.0,3.0
Shaqiri,332.0,34.0,90.0,2.0,0.0,16.0,1.0,1.0,34.0,6.666666666666668,89.0,1.0,2.0,26.7,0.3,4.0,53.4,0.6,3.9444444444444446,1339.0,71.0,17.0,356.0,17.0,0.0,0.0,0.0,0.0,0.0,0.0,0.0,0.0,0.0,0.0,0.0,0.0,0.0,0.0,0.0,0.0,0.0,0.0,0.0,1.0,0.0,0.0,0.0,0.0,0.0,0.0,0.0,0.0,0.0,0.0,0.0,0.0,0.0,0.0,0.0,0.0,0.0,0.0,0.0,0.0,1.0,0.0,0.0,1.0,0.0,3.0
Pickford,339.0,34.0,90.0,3.0,1.0,2.0,1.0,0.0,34.0,2.0,90.0,1.0,3.2,81.0,0.9,2.4,90.0,1.0,3.3076923076923075,2250.0,86.0,18.0,362.0,25.0,0.0,0.0,0.0,0.0,0.0,0.0,1.0,0.0,0.0,0.0,0.0,0.0,0.0,0.0,0.0,0.0,0.0,0.0,0.0,0.0,0.0,0.0,0.0,0.0,0.0,0.0,0.0,0.0,0.0,0.0,0.0,0.0,0.0,0.0,1.0,0.0,0.0,0.0,0.0,0.0,0.0,1.0,0.0,0.0,0.0,9.0
O'Shea,341.0,34.0,90.0,2.0,1.0,2.0,1.0,0.0,34.0,1.3333333333333333,90.0,1.0,1.4,67.5,0.8,0.8,54.0,0.6,1.44,1798.0,36.0,18.0,362.0,24.0,0.0,0.0,0.0,0.0,0.0,0.0,1.0,0.0,0.0,0.0,0.0,0.0,0.0,0.0,0.0,0.0,0.0,0.0,0.0,0.0,0.0,0.0,0.0,0.0,0.0,0.0,0.0,0.0,0.0,0.0,0.0,0.0,0.0,0.0,1.0,0.0,0.0,0.0,0.0,0.0,0.0,0.0,1.0,0.0,0.0,10.0
Jones,342.0,34.0,0.0,0.0,1.0,2.0,0.0,0.0,34.0,0.6666666666666666,59.0,0.6666666666666666,1.2,80.6,0.9,0.8,71.4,0.8,1.6666666666666667,1910.0,40.0,18.0,362.0,23.0,0.0,0.0,0.0,0.0,0.0,0.0,1.0,0.0,0.0,0.0,0.0,0.0,0.0,0.0,0.0,0.0,0.0,0.0,0.0,0.0,0.0,0.0,0.0,0.0,0.0,0.0,0.0,0.0,0.0,0.0,0.0,0.0,0.0,0.0,1.0,0.0,0.0,0.0,0.0,0.0,0.0,0.0,1.0,0.0,0.0,15.0
van Aanholt,343.0,34.0,0.0,0.0,1.0,17.0,0.0,1.0,34.0,0.6666666666666666,11.666666666666664,0.6666666666666666,2.5,27.2,0.5,0.4,7.0,0.4,3.103448275862069,2236.0,90.0,17.0,369.0,28.0,0.0,0.0,1.0,0.0,0.0,0.0,0.0,0.0,0.0,0.0,0.0,0.0,0.0,0.0,0.0,0.0,0.0,0.0,0.0,0.0,0.0,0.0,0.0,0.0,0.0,0.0,0.0,0.0,0.0,0.0,0.0,1.0,0.0,0.0,0.0,0.0,0.0,0.0,0.0,0.0,0.0,0.0,1.0,0.0,0.0,1.0
Koné,345.0,34.0,90.0,2.0,1.0,2.0,1.0,0.0,34.0,1.0,30.66666666666667,0.6666666666666666,0.8,63.2,0.8,1.0,54.4,0.8,2.1785714285714284,2275.0,61.0,18.0,362.0,27.0,0.0,0.0,0.0,0.0,0.0,0.0,1.0,0.0,0.0,0.0,0.0,0.0,0.0,0.0,0.0,0.0,0.0,0.0,0.0,0.0,0.0,0.0,0.0,0.0,0.0,0.0,0.0,0.0,0.0,0.0,0.0,0.0,0.0,0.0,1.0,0.0,0.0,0.0,0.0,0.0,0.0,0.0,1.0,0.0,0.0,6.0
Borini,353.0,34.0,90.0,1.0,1.0,2.0,1.0,0.0,34.0,3.0,39.66666666666666,1.0,2.0,61.5,1.0,2.4,46.8,1.0,2.0,1382.0,42.0,18.0,362.0,20.0,0.0,0.0,0.0,0.0,0.0,0.0,1.0,0.0,0.0,0.0,0.0,0.0,0.0,0.0,0.0,0.0,0.0,0.0,0.0,0.0,0.0,0.0,0.0,0.0,0.0,0.0,0.0,0.0,0.0,0.0,0.0,0.0,0.0,0.0,1.0,0.0,0.0,0.0,0.0,0.0,0.0,0.0,0.0,0.0,1.0,2.0
Defoe,354.0,34.0,90.0,2.0,1.0,2.0,1.0,0.0,34.0,2.0,90.0,1.0,2.0,90.0,1.0,2.0,90.0,1.0,4.457142857142856,3052.0,156.0,18.0,362.0,34.0,0.0,0.0,0.0,0.0,0.0,0.0,1.0,0.0,0.0,0.0,0.0,0.0,0.0,0.0,0.0,0.0,0.0,0.0,0.0,0.0,0.0,0.0,0.0,0.0,0.0,0.0,0.0,0.0,0.0,0.0,0.0,0.0,0.0,0.0,1.0,0.0,0.0,0.0,0.0,0.0,0.0,0.0,0.0,0.0,1.0,6.0
Fabianski,355.0,34.0,90.0,9.0,1.0,14.0,1.0,0.0,34.0,5.333333333333333,90.0,1.0,3.6,90.0,1.0,4.8,90.0,1.0,2.8285714285714287,3060.0,99.0,17.0,337.0,34.0,0.0,0.0,0.0,0.0,0.0,0.0,0.0,0.0,0.0,0.0,1.0,0.0,0.0,0.0,0.0,0.0,0.0,0.0,0.0,0.0,0.0,0.0,0.0,0.0,0.0,0.0,0.0,0.0,0.0,0.0,0.0,0.0,0.0,0.0,0.0,0.0,1.0,0.0,0.0,0.0,0.0,1.0,0.0,0.0,0.0,3.0
Naughton,357.0,34.0,90.0,5.0,1.0,14.0,1.0,0.0,34.0,3.0,90.0,1.0,2.9,69.9,0.8,4.4,86.2,1.0,2.0357142857142856,2354.0,57.0,17.0,337.0,27.0,0.0,0.0,0.0,0.0,0.0,0.0,0.0,0.0,0.0,0.0,1.0,0.0,0.0,0.0,0.0,0.0,0.0,0.0,0.0,0.0,0.0,0.0,0.0,0.0,0.0,0.0,0.0,0.0,0.0,0.0,0.0,0.0,0.0,0.0,0.0,0.0,1.0,0.0,0.0,0.0,0.0,0.0,1.0,0.0,0.0,2.0
Williams,358.0,34.0,90.0,5.0,0.0,20.0,1.0,1.0,34.0,4.0,60.0,0.6666666666666666,4.1,81.0,0.9,3.6,72.0,0.8,3.575757575757576,2800.0,118.0,17.0,369.0,32.0,0.0,0.0,0.0,1.0,0.0,0.0,0.0,0.0,0.0,0.0,0.0,0.0,0.0,0.0,0.0,0.0,0.0,0.0,0.0,0.0,0.0,0.0,0.0,0.0,0.0,1.0,0.0,0.0,0.0,0.0,0.0,0.0,0.0,0.0,0.0,0.0,0.0,0.0,0.0,0.0,0.0,0.0,1.0,0.0,0.0,1.0
Fernández,362.0,34.0,90.0,6.0,1.0,14.0,1.0,0.0,34.0,3.0,90.0,1.0,3.0,90.0,1.0,3.2,90.0,1.0,1.9166666666666667,2070.0,46.0,17.0,337.0,23.0,0.0,0.0,0.0,0.0,0.0,0.0,0.0,0.0,0.0,0.0,1.0,0.0,0.0,0.0,0.0,0.0,0.0,0.0,0.0,0.0,0.0,0.0,0.0,0.0,0.0,0.0,0.0,0.0,0.0,0.0,0.0,0.0,0.0,0.0,0.0,0.0,1.0,0.0,0.0,0.0,0.0,0.0,1.0,0.0,0.0,1.0
Kingsley,364.0,34.0,90.0,6.0,1.0,14.0,1.0,0.0,34.0,2.0,30.0,0.3333333333333333,0.7,18.0,0.2,1.2,18.0,0.2,2.1666666666666665,945.0,26.0,17.0,337.0,11.0,0.0,0.0,0.0,0.0,0.0,0.0,0.0,0.0,0.0,0.0,1.0,0.0,0.0,0.0,0.0,0.0,0.0,0.0,0.0,0.0,0.0,0.0,0.0,0.0,0.0,0.0,0.0,0.0,0.0,0.0,0.0,0.0,0.0,0.0,0.0,0.0,1.0,0.0,0.0,0.0,0.0,0.0,1.0,0.0,0.0,2.0
Sigurdsson,367.0,34.0,90.0,6.0,1.0,14.0,1.0,0.0,34.0,3.333333333333333,90.0,1.0,4.0,90.0,1.0,3.0,90.0,1.0,4.571428571428571,2967.0,160.0,17.0,337.0,34.0,0.0,0.0,0.0,0.0,0.0,0.0,0.0,0.0,0.0,0.0,1.0,0.0,0.0,0.0,0.0,0.0,0.0,0.0,0.0,0.0,0.0,0.0,0.0,0.0,0.0,0.0,0.0,0.0,0.0,0.0,0.0,0.0,0.0,0.0,0.0,0.0,1.0,0.0,0.0,0.0,0.0,0.0,0.0,1.0,0.0,10.0
Britton,369.0,34.0,84.0,3.0,1.0,14.0,1.0,0.0,34.0,1.0,28.0,0.3333333333333333,0.3,8.4,0.1,0.6,16.8,0.2,1.7692307692307692,886.0,23.0,17.0,337.0,12.0,0.0,0.0,0.0,0.0,0.0,0.0,0.0,0.0,0.0,0.0,1.0,0.0,0.0,0.0,0.0,0.0,0.0,0.0,0.0,0.0,0.0,0.0,0.0,0.0,0.0,0.0,0.0,0.0,0.0,0.0,0.0,0.0,0.0,0.0,0.0,0.0,1.0,0.0,0.0,0.0,0.0,0.0,0.0,1.0,0.0,1.0
Ayew,373.0,34.0,90.0,3.0,1.0,6.0,1.0,0.0,34.0,4.0,88.33333333333331,1.0,4.1,62.1,0.9,3.2,89.0,1.0,2.9545454545454546,1122.0,65.0,17.0,337.0,21.0,0.0,0.0,0.0,0.0,0.0,0.0,0.0,0.0,0.0,0.0,0.0,0.0,0.0,1.0,0.0,0.0,0.0,0.0,0.0,0.0,0.0,0.0,0.0,0.0,0.0,0.0,0.0,0.0,0.0,1.0,0.0,0.0,0.0,0.0,0.0,0.0,0.0,0.0,0.0,0.0,0.0,0.0,0.0,1.0,0.0,3.0
Lloris,379.0,34.0,90.0,8.0,1.0,1.0,1.0,0.0,34.0,6.666666666666668,90.0,1.0,4.8,81.0,0.9,5.2,72.0,0.8,4.258064516129032,2644.0,132.0,18.0,340.0,30.0,0.0,0.0,0.0,0.0,0.0,0.0,0.0,0.0,0.0,0.0,0.0,0.0,0.0,0.0,0.0,0.0,0.0,0.0,0.0,1.0,0.0,0.0,0.0,1.0,0.0,0.0,0.0,0.0,0.0,0.0,0.0,0.0,0.0,0.0,0.0,0.0,0.0,0.0,0.0,0.0,0.0,1.0,0.0,0.0,0.0,3.0
Alderweireld,381.0,34.0,90.0,6.0,1.0,1.0,1.0,0.0,34.0,6.0,90.0,1.0,3.7,85.8,1.0,5.2,90.0,1.0,3.9259259259259265,2241.0,106.0,18.0,340.0,26.0,0.0,0.0,0.0,0.0,0.0,0.0,0.0,0.0,0.0,0.0,0.0,0.0,0.0,0.0,0.0,0.0,0.0,0.0,0.0,1.0,0.0,0.0,0.0,1.0,0.0,0.0,0.0,0.0,0.0,0.0,0.0,0.0,0.0,0.0,0.0,0.0,0.0,0.0,0.0,0.0,0.0,0.0,1.0,0.0,0.0,2.0
Walker,383.0,34.0,3.0,1.0,1.0,1.0,1.0,0.0,34.0,4.0,61.0,1.0,2.3,62.0,0.8,2.8,54.6,0.8,4.375,2614.0,140.0,18.0,340.0,31.0,0.0,0.0,0.0,0.0,0.0,0.0,0.0,0.0,0.0,0.0,0.0,0.0,0.0,0.0,0.0,0.0,0.0,0.0,0.0,1.0,0.0,0.0,0.0,1.0,0.0,0.0,0.0,0.0,0.0,0.0,0.0,0.0,0.0,0.0,0.0,0.0,0.0,0.0,0.0,0.0,0.0,0.0,1.0,0.0,0.0,1.0
Vertonghen,384.0,34.0,90.0,8.0,1.0,1.0,1.0,0.0,34.0,7.333333333333332,90.0,1.0,4.6,78.5,0.9,6.0,90.0,1.0,3.933333333333333,2558.0,118.0,18.0,340.0,29.0,0.0,0.0,0.0,0.0,0.0,0.0,0.0,0.0,0.0,0.0,0.0,0.0,0.0,0.0,0.0,0.0,0.0,0.0,0.0,1.0,0.0,0.0,0.0,1.0,0.0,0.0,0.0,0.0,0.0,0.0,0.0,0.0,0.0,0.0,0.0,0.0,0.0,0.0,0.0,0.0,0.0,0.0,1.0,0.0,0.0,2.0
Davies,385.0,34.0,90.0,6.0,1.0,1.0,1.0,0.0,34.0,7.0,90.0,1.0,4.9,88.8,1.0,5.8,87.6,1.0,3.45,1379.0,69.0,18.0,340.0,19.0,0.0,0.0,0.0,0.0,0.0,0.0,0.0,0.0,0.0,0.0,0.0,0.0,0.0,0.0,0.0,0.0,0.0,0.0,0.0,1.0,0.0,0.0,0.0,1.0,0.0,0.0,0.0,0.0,0.0,0.0,0.0,0.0,0.0,0.0,0.0,0.0,0.0,0.0,0.0,0.0,0.0,0.0,1.0,0.0,0.0,2.0
Dier,389.0,34.0,90.0,3.0,1.0,1.0,1.0,0.0,34.0,3.0,90.0,1.0,3.7,90.0,1.0,3.8,90.0,1.0,2.575757575757576,2701.0,85.0,18.0,340.0,32.0,0.0,0.0,0.0,0.0,0.0,0.0,0.0,0.0,0.0,0.0,0.0,0.0,0.0,0.0,0.0,0.0,0.0,0.0,0.0,1.0,0.0,0.0,0.0,1.0,0.0,0.0,0.0,0.0,0.0,0.0,0.0,0.0,0.0,0.0,0.0,0.0,0.0,0.0,0.0,0.0,0.0,0.0,0.0,1.0,0.0,2.0
Eriksen,393.0,34.0,90.0,6.0,1.0,1.0,1.0,0.0,34.0,8.0,88.66666666666669,1.0,7.0,86.4,1.0,8.6,89.2,1.0,5.852941176470589,2889.0,199.0,18.0,340.0,33.0,0.0,0.0,0.0,0.0,0.0,0.0,0.0,0.0,0.0,0.0,0.0,0.0,0.0,0.0,0.0,0.0,0.0,0.0,0.0,1.0,0.0,0.0,0.0,1.0,0.0,0.0,0.0,0.0,0.0,0.0,0.0,0.0,0.0,0.0,0.0,0.0,0.0,0.0,0.0,0.0,0.0,0.0,0.0,1.0,0.0,2.0
Carroll,396.0,34.0,90.0,10.0,1.0,14.0,1.0,0.0,34.0,4.0,53.0,1.0,3.2,77.4,1.0,3.4,67.8,1.0,2.8,1029.0,42.0,17.0,353.0,14.0,0.0,0.0,0.0,0.0,0.0,0.0,0.0,0.0,0.0,0.0,1.0,0.0,0.0,0.0,0.0,0.0,0.0,0.0,0.0,0.0,0.0,0.0,0.0,0.0,0.0,0.0,0.0,0.0,0.0,0.0,0.0,0.0,0.0,0.0,0.0,0.0,1.0,0.0,0.0,0.0,0.0,0.0,0.0,1.0,0.0,2.0
Alli,397.0,34.0,90.0,8.0,1.0,1.0,1.0,0.0,34.0,5.666666666666668,87.66666666666669,1.0,7.2,89.3,1.0,7.4,88.6,1.0,6.029411764705883,2694.0,205.0,18.0,340.0,33.0,0.0,0.0,0.0,0.0,0.0,0.0,0.0,0.0,0.0,0.0,0.0,0.0,0.0,0.0,0.0,0.0,0.0,0.0,0.0,1.0,0.0,0.0,0.0,1.0,0.0,0.0,0.0,0.0,0.0,0.0,0.0,0.0,0.0,0.0,0.0,0.0,0.0,0.0,0.0,0.0,0.0,0.0,0.0,1.0,0.0,2.0
Wanyama,399.0,34.0,90.0,3.0,1.0,1.0,1.0,0.0,34.0,1.3333333333333333,49.0,1.0,1.2,55.0,0.8,0.8,29.4,0.6,2.303030303030303,2670.0,76.0,18.0,340.0,32.0,0.0,0.0,0.0,0.0,0.0,0.0,0.0,0.0,0.0,0.0,0.0,0.0,0.0,0.0,0.0,0.0,0.0,0.0,0.0,1.0,0.0,0.0,0.0,1.0,0.0,0.0,0.0,0.0,0.0,0.0,0.0,0.0,0.0,0.0,0.0,0.0,0.0,0.0,0.0,0.0,0.0,0.0,0.0,1.0,0.0,2.0
Son,401.0,34.0,78.0,3.0,1.0,1.0,1.0,0.0,34.0,4.666666666666667,71.0,1.0,5.0,56.8,0.9,8.0,78.0,1.0,4.774193548387096,1735.0,148.0,18.0,340.0,30.0,0.0,0.0,0.0,0.0,0.0,0.0,0.0,0.0,0.0,0.0,0.0,0.0,0.0,0.0,0.0,0.0,0.0,0.0,0.0,1.0,0.0,0.0,0.0,1.0,0.0,0.0,0.0,0.0,0.0,0.0,0.0,0.0,0.0,0.0,0.0,0.0,0.0,0.0,0.0,0.0,0.0,0.0,0.0,1.0,0.0,2.0
Kane,402.0,34.0,90.0,5.0,1.0,1.0,1.0,0.0,34.0,7.0,86.0,1.0,5.6,55.2,0.7,4.4,57.6,0.8,6.4444444444444455,2175.0,174.0,18.0,340.0,26.0,0.0,0.0,0.0,0.0,0.0,0.0,0.0,0.0,0.0,0.0,0.0,0.0,0.0,0.0,0.0,0.0,0.0,0.0,0.0,1.0,0.0,0.0,0.0,1.0,0.0,0.0,0.0,0.0,0.0,0.0,0.0,0.0,0.0,0.0,0.0,0.0,0.0,0.0,0.0,0.0,0.0,0.0,0.0,0.0,1.0,2.0
Gomes,406.0,34.0,90.0,4.0,1.0,9.0,1.0,0.0,34.0,4.666666666666667,90.0,1.0,3.7,90.0,1.0,4.0,90.0,1.0,3.0285714285714285,2977.0,106.0,18.0,356.0,34.0,0.0,0.0,0.0,0.0,0.0,0.0,0.0,1.0,0.0,0.0,0.0,0.0,0.0,0.0,0.0,0.0,0.0,0.0,0.0,0.0,0.0,0.0,0.0,0.0,0.0,0.0,0.0,0.0,0.0,0.0,0.0,0.0,0.0,0.0,0.0,1.0,0.0,0.0,0.0,0.0,0.0,1.0,0.0,0.0,0.0,2.0
Prödl,408.0,34.0,90.0,1.0,1.0,9.0,1.0,0.0,34.0,2.333333333333333,90.0,1.0,0.9,58.5,0.7,1.6,63.0,0.8,2.161290322580645,2500.0,67.0,18.0,356.0,30.0,0.0,0.0,0.0,0.0,0.0,0.0,0.0,1.0,0.0,0.0,0.0,0.0,0.0,0.0,0.0,0.0,0.0,0.0,0.0,0.0,0.0,0.0,0.0,0.0,0.0,0.0,0.0,0.0,0.0,0.0,0.0,0.0,0.0,0.0,0.0,1.0,0.0,0.0,0.0,0.0,0.0,0.0,1.0,0.0,0.0,1.0
Kabasele,413.0,34.0,72.0,2.0,1.0,9.0,1.0,0.0,34.0,1.0,33.0,0.6666666666666666,0.4,10.6,0.3,0.8,21.2,0.6,2.2,664.0,33.0,18.0,356.0,14.0,0.0,0.0,0.0,0.0,0.0,0.0,0.0,1.0,0.0,0.0,0.0,0.0,0.0,0.0,0.0,0.0,0.0,0.0,0.0,0.0,0.0,0.0,0.0,0.0,0.0,0.0,0.0,0.0,0.0,0.0,0.0,0.0,0.0,0.0,0.0,1.0,0.0,0.0,0.0,0.0,0.0,0.0,1.0,0.0,0.0,1.0
Capoue,415.0,34.0,72.0,1.0,1.0,9.0,1.0,0.0,34.0,3.6666666666666665,84.0,1.0,2.4,77.1,0.9,2.8,68.4,0.8,3.4705882352941178,2878.0,118.0,18.0,356.0,33.0,0.0,0.0,0.0,0.0,0.0,0.0,0.0,1.0,0.0,0.0,0.0,0.0,0.0,0.0,0.0,0.0,0.0,0.0,0.0,0.0,0.0,0.0,0.0,0.0,0.0,0.0,0.0,0.0,0.0,0.0,0.0,0.0,0.0,0.0,0.0,1.0,0.0,0.0,0.0,0.0,0.0,0.0,0.0,1.0,0.0,2.0
Amrabat,421.0,34.0,84.0,2.0,1.0,9.0,1.0,0.0,34.0,2.333333333333333,71.0,1.0,1.4,43.0,0.7,2.4,70.0,1.0,2.3076923076923075,1833.0,60.0,18.0,356.0,25.0,0.0,0.0,0.0,0.0,0.0,0.0,0.0,1.0,0.0,0.0,0.0,0.0,0.0,0.0,0.0,0.0,0.0,0.0,0.0,0.0,0.0,0.0,0.0,0.0,0.0,0.0,0.0,0.0,0.0,0.0,0.0,0.0,0.0,0.0,0.0,1.0,0.0,0.0,0.0,0.0,0.0,0.0,0.0,1.0,0.0,2.0
Foster,429.0,34.0,90.0,2.0,1.0,8.0,1.0,0.0,34.0,2.0,90.0,1.0,2.2,90.0,1.0,2.8,90.0,1.0,2.9714285714285715,3060.0,104.0,18.0,349.0,34.0,0.0,0.0,1.0,0.0,0.0,0.0,0.0,0.0,0.0,0.0,0.0,0.0,0.0,0.0,0.0,0.0,0.0,0.0,0.0,0.0,0.0,0.0,0.0,0.0,0.0,0.0,0.0,0.0,0.0,0.0,0.0,0.0,1.0,0.0,0.0,0.0,0.0,0.0,0.0,0.0,0.0,1.0,0.0,0.0,0.0,2.0
Dawson,432.0,34.0,90.0,2.0,1.0,8.0,1.0,0.0,34.0,2.0,90.0,1.0,3.9,86.3,1.0,2.6,90.0,1.0,2.7058823529411766,2916.0,92.0,18.0,349.0,33.0,0.0,0.0,1.0,0.0,0.0,0.0,0.0,0.0,0.0,0.0,0.0,0.0,0.0,0.0,0.0,0.0,0.0,0.0,0.0,0.0,0.0,0.0,0.0,0.0,0.0,0.0,0.0,0.0,0.0,0.0,0.0,0.0,1.0,0.0,0.0,0.0,0.0,0.0,0.0,0.0,0.0,0.0,1.0,0.0,0.0,7.0
McAuley,435.0,34.0,90.0,2.0,1.0,8.0,1.0,0.0,34.0,1.6666666666666667,77.33333333333333,1.0,3.5,82.7,1.0,2.6,75.4,1.0,3.571428571428572,2987.0,125.0,18.0,349.0,34.0,0.0,0.0,1.0,0.0,0.0,0.0,0.0,0.0,0.0,0.0,0.0,0.0,0.0,0.0,0.0,0.0,0.0,0.0,0.0,0.0,0.0,0.0,0.0,0.0,0.0,0.0,0.0,0.0,0.0,0.0,0.0,0.0,1.0,0.0,0.0,0.0,0.0,0.0,0.0,0.0,0.0,0.0,1.0,0.0,0.0,0.0
Brunt,437.0,34.0,90.0,2.0,1.0,8.0,1.0,0.0,34.0,1.3333333333333333,72.66666666666667,1.0,1.7,75.5,1.0,2.2,79.6,1.0,3.2142857142857144,2117.0,90.0,18.0,349.0,27.0,0.0,0.0,1.0,0.0,0.0,0.0,0.0,0.0,0.0,0.0,0.0,0.0,0.0,0.0,0.0,0.0,0.0,0.0,0.0,0.0,0.0,0.0,0.0,0.0,0.0,0.0,0.0,0.0,0.0,0.0,0.0,0.0,1.0,0.0,0.0,0.0,0.0,0.0,0.0,0.0,0.0,0.0,1.0,0.0,0.0,5.0
Fletcher,438.0,34.0,22.0,1.0,1.0,8.0,1.0,0.0,34.0,1.6666666666666667,59.0,1.0,2.0,79.7,1.0,2.0,71.4,1.0,2.628571428571429,2871.0,92.0,18.0,349.0,34.0,0.0,0.0,1.0,0.0,0.0,0.0,0.0,0.0,0.0,0.0,0.0,0.0,0.0,0.0,0.0,0.0,0.0,0.0,0.0,0.0,0.0,0.0,0.0,0.0,0.0,0.0,0.0,0.0,0.0,0.0,0.0,0.0,1.0,0.0,0.0,0.0,0.0,0.0,0.0,0.0,0.0,0.0,0.0,1.0,0.0,2.0
McClean,443.0,34.0,31.0,1.0,1.0,8.0,1.0,0.0,34.0,1.0,29.0,1.0,1.1,41.7,0.9,0.8,37.6,1.0,1.5483870967741935,1278.0,48.0,18.0,349.0,30.0,0.0,0.0,1.0,0.0,0.0,0.0,0.0,0.0,0.0,0.0,0.0,0.0,0.0,0.0,0.0,0.0,0.0,0.0,0.0,0.0,0.0,0.0,0.0,0.0,0.0,0.0,0.0,0.0,0.0,0.0,0.0,0.0,1.0,0.0,0.0,0.0,0.0,0.0,0.0,0.0,0.0,0.0,0.0,1.0,0.0,2.0
Berahino,447.0,34.0,76.0,2.0,0.0,16.0,1.0,1.0,34.0,1.6666666666666667,74.33333333333333,1.0,1.5,54.3,0.9,1.8,72.4,1.0,1.4375,843.0,23.0,17.0,342.0,15.0,0.0,0.0,0.0,0.0,0.0,0.0,0.0,0.0,0.0,0.0,0.0,0.0,0.0,0.0,0.0,0.0,0.0,0.0,0.0,1.0,0.0,0.0,0.0,0.0,0.0,0.0,0.0,0.0,0.0,0.0,0.0,0.0,0.0,0.0,0.0,0.0,0.0,0.0,0.0,0.0,1.0,0.0,0.0,0.0,1.0,2.0
Rondón,448.0,34.0,90.0,2.0,1.0,8.0,1.0,0.0,34.0,1.6666666666666667,69.0,1.0,1.4,59.6,1.0,1.4,51.6,1.0,2.9714285714285715,2552.0,104.0,18.0,349.0,34.0,0.0,0.0,1.0,0.0,0.0,0.0,0.0,0.0,0.0,0.0,0.0,0.0,0.0,0.0,0.0,0.0,0.0,0.0,0.0,0.0,0.0,0.0,0.0,0.0,0.0,0.0,0.0,0.0,0.0,0.0,0.0,0.0,1.0,0.0,0.0,0.0,0.0,0.0,0.0,0.0,0.0,0.0,0.0,0.0,1.0,8.0
Adrián,449.0,34.0,90.0,6.0,1.0,6.0,1.0,0.0,34.0,2.0,30.0,0.3333333333333333,0.6,9.0,0.1,1.2,18.0,0.2,3.3076923076923075,1080.0,43.0,17.0,337.0,12.0,0.0,0.0,0.0,0.0,0.0,0.0,0.0,0.0,0.0,0.0,0.0,0.0,0.0,1.0,0.0,0.0,0.0,0.0,0.0,0.0,0.0,0.0,0.0,0.0,0.0,0.0,0.0,0.0,0.0,1.0,0.0,0.0,0.0,0.0,0.0,0.0,0.0,0.0,0.0,0.0,0.0,1.0,0.0,0.0,0.0,7.0
Collins,451.0,34.0,90.0,7.0,1.0,6.0,1.0,0.0,34.0,7.666666666666668,90.0,1.0,2.6,45.1,0.6,5.0,90.0,1.0,3.0,1295.0,57.0,17.0,337.0,18.0,0.0,0.0,0.0,0.0,0.0,0.0,0.0,0.0,0.0,0.0,0.0,0.0,0.0,1.0,0.0,0.0,0.0,0.0,0.0,0.0,0.0,0.0,0.0,0.0,0.0,0.0,0.0,0.0,0.0,1.0,0.0,0.0,0.0,0.0,0.0,0.0,0.0,0.0,0.0,0.0,0.0,0.0,1.0,0.0,0.0,6.0
Reid,452.0,34.0,90.0,6.0,1.0,6.0,1.0,0.0,34.0,2.0,30.0,0.3333333333333333,1.1,44.0,0.6,1.2,18.0,0.2,3.25,2317.0,91.0,17.0,337.0,27.0,0.0,0.0,0.0,0.0,0.0,0.0,0.0,0.0,0.0,0.0,0.0,0.0,0.0,1.0,0.0,0.0,0.0,0.0,0.0,0.0,0.0,0.0,0.0,0.0,0.0,0.0,0.0,0.0,0.0,1.0,0.0,0.0,0.0,0.0,0.0,0.0,0.0,0.0,0.0,0.0,0.0,0.0,1.0,0.0,0.0,6.0
Kouyaté,458.0,34.0,78.0,3.0,1.0,6.0,1.0,0.0,34.0,4.0,86.0,1.0,2.5,87.5,1.0,3.2,87.6,1.0,2.333333333333333,2543.0,70.0,17.0,337.0,29.0,0.0,0.0,0.0,0.0,0.0,0.0,0.0,0.0,0.0,0.0,0.0,0.0,0.0,1.0,0.0,0.0,0.0,0.0,0.0,0.0,0.0,0.0,0.0,0.0,0.0,0.0,0.0,0.0,0.0,1.0,0.0,0.0,0.0,0.0,0.0,0.0,0.0,0.0,0.0,0.0,0.0,0.0,0.0,1.0,0.0,6.0
Lanzini,461.0,34.0,90.0,3.0,1.0,6.0,1.0,0.0,34.0,2.333333333333333,90.0,1.0,4.7,90.0,1.0,2.0,90.0,1.0,3.6875,2348.0,118.0,17.0,337.0,31.0,0.0,0.0,0.0,0.0,0.0,0.0,0.0,0.0,0.0,0.0,0.0,0.0,0.0,1.0,0.0,0.0,0.0,0.0,0.0,0.0,0.0,0.0,0.0,0.0,0.0,0.0,0.0,0.0,0.0,1.0,0.0,0.0,0.0,0.0,0.0,0.0,0.0,0.0,0.0,0.0,0.0,0.0,0.0,1.0,0.0,3.0
Nordtveit,464.0,34.0,90.0,3.0,1.0,6.0,1.0,0.0,34.0,1.3333333333333333,33.333333333333336,0.6666666666666666,0.4,10.0,0.2,0.8,20.0,0.4,1.7333333333333334,777.0,26.0,17.0,337.0,14.0,0.0,0.0,0.0,0.0,0.0,0.0,0.0,0.0,0.0,0.0,0.0,0.0,0.0,1.0,0.0,0.0,0.0,0.0,0.0,0.0,0.0,0.0,0.0,0.0,0.0,0.0,0.0,0.0,0.0,1.0,0.0,0.0,0.0,0.0,0.0,0.0,0.0,0.0,0.0,0.0,0.0,0.0,0.0,1.0,0.0,3.0
Valencia,468.0,34.0,0.0,0.0,0.0,20.0,0.0,1.0,34.0,0.3333333333333333,15.0,0.3333333333333333,1.9,14.4,0.6,0.4,14.0,0.4,2.333333333333333,703.0,49.0,16.0,335.0,20.0,0.0,0.0,0.0,1.0,0.0,0.0,0.0,0.0,0.0,0.0,0.0,0.0,0.0,0.0,0.0,0.0,0.0,0.0,0.0,0.0,0.0,0.0,0.0,0.0,0.0,1.0,0.0,0.0,0.0,0.0,0.0,0.0,0.0,0.0,0.0,0.0,0.0,0.0,0.0,0.0,0.0,0.0,0.0,0.0,1.0,1.0
Denayer,475.0,34.0,0.0,0.0,1.0,2.0,0.0,0.0,34.0,1.0,60.0,0.6666666666666666,1.1,63.0,0.7,1.0,72.0,0.8,2.130434782608696,1769.0,49.0,19.0,376.0,22.0,0.0,0.0,0.0,0.0,0.0,0.0,1.0,0.0,0.0,0.0,0.0,0.0,0.0,0.0,0.0,0.0,0.0,0.0,0.0,0.0,0.0,0.0,0.0,0.0,0.0,0.0,0.0,0.0,0.0,0.0,0.0,0.0,0.0,0.0,1.0,0.0,0.0,0.0,0.0,0.0,0.0,0.0,1.0,0.0,0.0,6.0
Negredo,477.0,34.0,75.0,2.0,1.0,15.0,1.0,1.0,34.0,4.0,81.33333333333333,1.0,2.5,65.3,0.9,3.8,69.4,1.0,3.4545454545454546,2601.0,114.0,17.0,360.0,32.0,0.0,0.0,0.0,0.0,0.0,0.0,0.0,0.0,0.0,1.0,0.0,0.0,0.0,0.0,0.0,0.0,0.0,0.0,0.0,0.0,0.0,0.0,0.0,0.0,0.0,0.0,0.0,0.0,0.0,0.0,1.0,0.0,0.0,0.0,0.0,0.0,0.0,0.0,0.0,0.0,0.0,0.0,0.0,0.0,1.0,11.0
Doucouré,481.0,34.0,90.0,2.0,1.0,9.0,1.0,0.0,34.0,2.333333333333333,84.0,1.0,2.0,57.4,0.9,2.0,80.0,1.0,1.8235294117647056,992.0,31.0,18.0,356.0,16.0,0.0,0.0,0.0,0.0,0.0,0.0,0.0,1.0,0.0,0.0,0.0,0.0,0.0,0.0,0.0,0.0,0.0,0.0,0.0,0.0,0.0,0.0,0.0,0.0,0.0,0.0,0.0,0.0,0.0,0.0,0.0,0.0,0.0,0.0,0.0,1.0,0.0,0.0,0.0,0.0,0.0,0.0,0.0,1.0,0.0,2.0
Holding,483.0,34.0,90.0,8.0,1.0,11.0,1.0,0.0,34.0,2.6666666666666665,30.0,0.3333333333333333,1.0,18.0,0.2,2.0,36.0,0.4,2.833333333333333,450.0,17.0,17.0,370.0,5.0,0.0,0.0,0.0,0.0,0.0,0.0,0.0,0.0,0.0,0.0,0.0,0.0,1.0,0.0,0.0,0.0,0.0,0.0,0.0,0.0,0.0,0.0,1.0,0.0,0.0,0.0,0.0,0.0,0.0,0.0,0.0,0.0,0.0,0.0,0.0,0.0,0.0,0.0,0.0,0.0,0.0,0.0,1.0,0.0,0.0,7.0
Wijnaldum,484.0,34.0,90.0,3.0,1.0,5.0,1.0,0.0,34.0,3.6666666666666665,90.0,1.0,4.4,90.0,1.0,3.6,90.0,1.0,3.575757575757576,2618.0,118.0,17.0,339.0,32.0,0.0,0.0,0.0,0.0,0.0,0.0,0.0,0.0,0.0,0.0,0.0,0.0,0.0,0.0,0.0,0.0,0.0,1.0,0.0,0.0,0.0,0.0,0.0,0.0,0.0,0.0,0.0,1.0,0.0,0.0,0.0,0.0,0.0,0.0,0.0,0.0,0.0,0.0,0.0,0.0,0.0,0.0,0.0,1.0,0.0,3.0
Gueye,487.0,34.0,45.0,0.0,0.0,20.0,1.0,1.0,34.0,0.6666666666666666,60.0,1.0,2.3,70.1,1.0,1.0,72.0,1.0,2.433333333333333,2366.0,73.0,17.0,369.0,29.0,0.0,0.0,0.0,1.0,0.0,0.0,0.0,0.0,0.0,0.0,0.0,0.0,0.0,0.0,0.0,0.0,0.0,0.0,0.0,0.0,0.0,0.0,0.0,0.0,0.0,1.0,0.0,0.0,0.0,0.0,0.0,0.0,0.0,0.0,0.0,0.0,0.0,0.0,0.0,0.0,0.0,0.0,0.0,1.0,0.0,1.0
Sané,488.0,34.0,42.0,3.0,0.0,12.0,1.0,1.0,34.0,4.666666666666667,68.66666666666667,1.0,4.5,79.5,1.0,3.8,71.0,1.0,3.652173913043478,1457.0,84.0,16.0,350.0,22.0,0.0,0.0,0.0,0.0,1.0,0.0,0.0,0.0,0.0,0.0,0.0,0.0,0.0,0.0,0.0,0.0,0.0,0.0,0.0,0.0,0.0,0.0,0.0,0.0,0.0,0.0,0.0,0.0,0.0,0.0,0.0,0.0,0.0,1.0,0.0,0.0,0.0,0.0,0.0,0.0,0.0,0.0,0.0,1.0,0.0,3.0
Guzan,489.0,34.0,90.0,9.0,1.0,15.0,1.0,1.0,34.0,4.0,90.0,1.0,1.2,27.0,0.3,2.4,54.0,0.6,4.142857142857143,540.0,29.0,17.0,360.0,6.0,0.0,0.0,0.0,0.0,0.0,0.0,0.0,0.0,0.0,1.0,0.0,0.0,0.0,0.0,0.0,0.0,0.0,0.0,0.0,0.0,0.0,0.0,0.0,0.0,0.0,0.0,0.0,0.0,0.0,0.0,1.0,0.0,0.0,0.0,0.0,0.0,0.0,0.0,0.0,0.0,0.0,1.0,0.0,0.0,0.0,1.0
Holgate,494.0,34.0,90.0,8.0,0.0,20.0,1.0,1.0,34.0,3.6666666666666665,90.0,1.0,1.4,45.0,0.5,2.8,90.0,1.0,3.2666666666666666,1070.0,49.0,17.0,369.0,14.0,0.0,0.0,0.0,1.0,0.0,0.0,0.0,0.0,0.0,0.0,0.0,0.0,0.0,0.0,0.0,0.0,0.0,0.0,0.0,0.0,0.0,0.0,0.0,0.0,0.0,1.0,0.0,0.0,0.0,0.0,0.0,0.0,0.0,0.0,0.0,0.0,0.0,0.0,0.0,0.0,0.0,0.0,1.0,0.0,0.0,1.0
Llorente,499.0,34.0,58.0,6.0,1.0,14.0,1.0,0.0,34.0,3.0,61.0,1.0,3.4,56.0,0.8,1.8,36.6,0.6,3.8666666666666663,2088.0,116.0,17.0,337.0,29.0,0.0,0.0,0.0,0.0,0.0,0.0,0.0,0.0,0.0,0.0,1.0,0.0,0.0,0.0,0.0,0.0,0.0,0.0,0.0,0.0,0.0,0.0,0.0,0.0,0.0,0.0,0.0,0.0,0.0,0.0,0.0,0.0,0.0,0.0,0.0,0.0,1.0,0.0,0.0,0.0,0.0,0.0,0.0,0.0,1.0,2.0
Stephens,503.0,34.0,90.0,7.0,0.0,9.0,1.0,1.0,34.0,5.0,90.0,1.0,4.6,90.0,1.0,5.0,90.0,1.0,3.333333333333333,1201.0,50.0,16.0,356.0,14.0,1.0,0.0,0.0,0.0,0.0,0.0,0.0,0.0,0.0,0.0,0.0,0.0,0.0,0.0,0.0,0.0,0.0,0.0,0.0,0.0,0.0,0.0,0.0,0.0,0.0,0.0,0.0,0.0,1.0,0.0,0.0,0.0,0.0,0.0,0.0,0.0,0.0,0.0,0.0,0.0,0.0,0.0,1.0,0.0,0.0,1.0
Davies,511.0,34.0,45.0,1.0,0.0,20.0,1.0,1.0,34.0,3.333333333333333,75.0,1.0,2.9,76.8,1.0,2.4,76.0,1.0,2.619047619047619,1249.0,55.0,17.0,369.0,20.0,0.0,0.0,0.0,1.0,0.0,0.0,0.0,0.0,0.0,0.0,0.0,0.0,0.0,0.0,0.0,0.0,0.0,0.0,0.0,0.0,0.0,0.0,0.0,0.0,0.0,1.0,0.0,0.0,0.0,0.0,0.0,0.0,0.0,0.0,0.0,0.0,0.0,0.0,0.0,0.0,0.0,0.0,0.0,1.0,0.0,2.0
Calleri,525.0,34.0,61.0,2.0,1.0,6.0,1.0,0.0,34.0,1.3333333333333333,37.66666666666666,1.0,0.6,15.9,0.5,1.0,22.8,0.8,1.2857142857142858,319.0,18.0,17.0,333.0,13.0,0.0,0.0,0.0,0.0,0.0,0.0,0.0,0.0,0.0,0.0,0.0,0.0,0.0,1.0,0.0,0.0,0.0,0.0,0.0,0.0,0.0,0.0,0.0,0.0,0.0,0.0,0.0,0.0,0.0,1.0,0.0,0.0,0.0,0.0,0.0,0.0,0.0,0.0,0.0,0.0,0.0,0.0,0.0,0.0,1.0,2.0
Fabio,526.0,34.0,37.0,0.0,1.0,15.0,1.0,1.0,34.0,0.3333333333333333,35.333333333333336,1.0,1.8,53.0,0.8,0.2,21.2,0.6,2.6666666666666665,1505.0,56.0,16.0,346.0,20.0,0.0,0.0,0.0,0.0,0.0,0.0,0.0,0.0,0.0,1.0,0.0,0.0,0.0,0.0,0.0,0.0,0.0,0.0,0.0,0.0,0.0,0.0,0.0,0.0,0.0,0.0,0.0,0.0,0.0,0.0,1.0,0.0,0.0,0.0,0.0,0.0,0.0,0.0,0.0,0.0,0.0,0.0,1.0,0.0,0.0,0.0
Fraser,535.0,34.0,71.0,6.0,1.0,12.0,1.0,0.0,34.0,2.6666666666666665,58.66666666666666,1.0,2.7,72.4,1.0,2.2,59.2,1.0,3.48,1544.0,87.0,16.0,365.0,24.0,0.0,0.0,0.0,0.0,0.0,0.0,0.0,0.0,0.0,0.0,0.0,0.0,0.0,0.0,1.0,0.0,0.0,0.0,0.0,0.0,0.0,0.0,0.0,0.0,0.0,0.0,0.0,0.0,0.0,0.0,0.0,0.0,0.0,0.0,0.0,0.0,0.0,0.0,0.0,1.0,0.0,0.0,0.0,1.0,0.0,6.0
Manquillo,537.0,34.0,90.0,2.0,1.0,2.0,1.0,0.0,34.0,1.6666666666666667,89.33333333333331,1.0,0.6,32.1,0.5,1.0,64.0,0.8,1.4117647058823528,1079.0,24.0,17.0,340.0,16.0,0.0,0.0,0.0,0.0,0.0,0.0,1.0,0.0,0.0,0.0,0.0,0.0,0.0,0.0,0.0,0.0,0.0,0.0,0.0,0.0,0.0,0.0,0.0,0.0,0.0,0.0,0.0,0.0,0.0,0.0,0.0,0.0,0.0,0.0,1.0,0.0,0.0,0.0,0.0,0.0,0.0,0.0,1.0,0.0,0.0,6.0
Janmaat,539.0,34.0,90.0,2.0,1.0,9.0,1.0,0.0,34.0,3.0,90.0,1.0,1.8,61.0,0.9,2.0,80.6,1.0,1.75,1306.0,42.0,17.0,339.0,23.0,0.0,0.0,0.0,0.0,0.0,0.0,0.0,1.0,0.0,0.0,0.0,0.0,0.0,0.0,0.0,0.0,0.0,0.0,0.0,0.0,0.0,0.0,0.0,0.0,0.0,0.0,0.0,0.0,0.0,0.0,0.0,0.0,0.0,0.0,0.0,1.0,0.0,0.0,0.0,0.0,0.0,0.0,1.0,0.0,0.0,1.0
Fernandes,541.0,34.0,90.0,2.0,1.0,6.0,1.0,0.0,34.0,1.6666666666666667,61.66666666666666,1.0,1.1,26.4,0.9,1.4,44.2,1.0,1.12,731.0,28.0,16.0,331.0,24.0,0.0,0.0,0.0,0.0,0.0,0.0,0.0,0.0,0.0,0.0,0.0,0.0,0.0,1.0,0.0,0.0,0.0,0.0,0.0,0.0,0.0,0.0,0.0,0.0,0.0,0.0,0.0,0.0,0.0,1.0,0.0,0.0,0.0,0.0,0.0,0.0,0.0,0.0,0.0,0.0,0.0,0.0,0.0,1.0,0.0,3.0
Okaka,551.0,34.0,6.0,1.0,1.0,9.0,1.0,0.0,34.0,1.0,12.333333333333336,1.0,1.3,31.5,0.7,1.0,24.0,0.8,2.0625,669.0,33.0,16.0,338.0,15.0,0.0,0.0,0.0,0.0,0.0,0.0,0.0,1.0,0.0,0.0,0.0,0.0,0.0,0.0,0.0,0.0,0.0,0.0,0.0,0.0,0.0,0.0,0.0,0.0,0.0,0.0,0.0,0.0,0.0,0.0,0.0,0.0,0.0,0.0,0.0,1.0,0.0,0.0,0.0,0.0,0.0,0.0,0.0,0.0,1.0,2.0
Mustafi,554.0,34.0,0.0,0.0,1.0,11.0,0.0,0.0,34.0,0.0,0.0,0.0,2.6,54.0,0.6,0.0,18.0,0.2,3.1666666666666665,2004.0,76.0,16.0,335.0,23.0,0.0,0.0,0.0,0.0,0.0,0.0,0.0,0.0,0.0,0.0,0.0,0.0,1.0,0.0,0.0,0.0,0.0,0.0,0.0,0.0,0.0,0.0,1.0,0.0,0.0,0.0,0.0,0.0,0.0,0.0,0.0,0.0,0.0,0.0,0.0,0.0,0.0,0.0,0.0,0.0,0.0,0.0,1.0,0.0,0.0,8.0
Mariappa,555.0,34.0,90.0,2.0,1.0,9.0,1.0,0.0,34.0,3.6666666666666665,60.0,0.6666666666666666,1.2,29.2,0.4,2.4,58.4,0.8,2.4,292.0,12.0,16.0,338.0,4.0,0.0,0.0,0.0,0.0,0.0,0.0,0.0,1.0,0.0,0.0,0.0,0.0,0.0,0.0,0.0,0.0,0.0,0.0,0.0,0.0,0.0,0.0,0.0,0.0,0.0,0.0,0.0,0.0,0.0,0.0,0.0,0.0,0.0,0.0,0.0,1.0,0.0,0.0,0.0,0.0,0.0,0.0,1.0,0.0,0.0,1.0
Mawson,557.0,34.0,90.0,6.0,1.0,14.0,1.0,0.0,34.0,3.333333333333333,90.0,1.0,4.0,90.0,1.0,3.2,90.0,1.0,3.208333333333333,2070.0,77.0,16.0,319.0,23.0,0.0,0.0,0.0,0.0,0.0,0.0,0.0,0.0,0.0,0.0,1.0,0.0,0.0,0.0,0.0,0.0,0.0,0.0,0.0,0.0,0.0,0.0,0.0,0.0,0.0,0.0,0.0,0.0,0.0,0.0,0.0,0.0,0.0,0.0,0.0,0.0,1.0,0.0,0.0,0.0,0.0,0.0,1.0,0.0,0.0,2.0
Ndong,558.0,34.0,90.0,2.0,1.0,2.0,1.0,0.0,34.0,2.0,90.0,1.0,1.7,76.7,1.0,1.8,90.0,1.0,2.0689655172413794,2253.0,60.0,17.0,327.0,28.0,0.0,0.0,0.0,0.0,0.0,0.0,1.0,0.0,0.0,0.0,0.0,0.0,0.0,0.0,0.0,0.0,0.0,0.0,0.0,0.0,0.0,0.0,0.0,0.0,0.0,0.0,0.0,0.0,0.0,0.0,0.0,0.0,0.0,0.0,1.0,0.0,0.0,0.0,0.0,0.0,0.0,0.0,0.0,1.0,0.0,3.0
Hendrick,559.0,34.0,90.0,1.0,1.0,11.0,1.0,0.0,34.0,2.0,88.33333333333331,1.0,2.1,71.5,0.8,2.8,89.0,1.0,2.3103448275862073,2331.0,67.0,15.0,339.0,28.0,0.0,0.0,0.0,0.0,1.0,0.0,0.0,0.0,0.0,0.0,0.0,0.0,0.0,0.0,0.0,0.0,0.0,0.0,0.0,0.0,0.0,0.0,0.0,0.0,0.0,0.0,0.0,0.0,0.0,0.0,0.0,0.0,0.0,0.0,0.0,0.0,0.0,0.0,1.0,0.0,0.0,0.0,0.0,1.0,0.0,3.0
Alonso,560.0,34.0,90.0,6.0,0.0,6.0,1.0,1.0,34.0,3.333333333333333,60.0,0.6666666666666666,3.3,79.3,0.9,4.0,72.0,0.8,5.275862068965517,2423.0,153.0,14.0,307.0,28.0,0.0,0.0,0.0,0.0,0.0,0.0,0.0,0.0,0.0,0.0,0.0,1.0,0.0,0.0,0.0,0.0,0.0,0.0,0.0,0.0,0.0,0.0,0.0,0.0,1.0,0.0,0.0,0.0,0.0,0.0,0.0,0.0,0.0,0.0,0.0,0.0,0.0,0.0,0.0,0.0,0.0,0.0,1.0,0.0,0.0,14.0
Martins Indi,561.0,34.0,90.0,0.0,0.0,16.0,1.0,1.0,34.0,1.0,90.0,1.0,2.6,89.6,1.0,1.0,90.0,1.0,2.875,2786.0,92.0,16.0,328.0,31.0,0.0,0.0,0.0,0.0,0.0,0.0,0.0,0.0,0.0,0.0,0.0,0.0,0.0,0.0,0.0,0.0,0.0,0.0,0.0,1.0,0.0,0.0,0.0,0.0,0.0,0.0,0.0,0.0,0.0,0.0,0.0,0.0,0.0,0.0,0.0,0.0,0.0,0.0,0.0,0.0,1.0,0.0,1.0,0.0,0.0,7.0
David Luiz,569.0,34.0,81.0,8.0,0.0,6.0,1.0,1.0,34.0,3.333333333333333,87.0,1.0,2.5,89.1,1.0,2.8,88.2,1.0,3.741935483870968,2691.0,116.0,14.0,307.0,30.0,0.0,0.0,0.0,0.0,0.0,0.0,0.0,0.0,0.0,0.0,0.0,1.0,0.0,0.0,0.0,0.0,0.0,0.0,0.0,0.0,0.0,0.0,0.0,0.0,1.0,0.0,0.0,0.0,0.0,0.0,0.0,0.0,0.0,0.0,0.0,0.0,0.0,0.0,0.0,0.0,0.0,0.0,1.0,0.0,0.0,6.0
Anichebe,574.0,34.0,90.0,2.0,1.0,2.0,1.0,0.0,34.0,2.0,90.0,1.0,0.9,37.8,0.5,1.8,75.6,1.0,2.7058823529411766,1093.0,46.0,17.0,327.0,16.0,0.0,0.0,0.0,0.0,0.0,0.0,1.0,0.0,0.0,0.0,0.0,0.0,0.0,0.0,0.0,0.0,0.0,0.0,0.0,0.0,0.0,0.0,0.0,0.0,0.0,0.0,0.0,0.0,0.0,0.0,0.0,0.0,0.0,0.0,1.0,0.0,0.0,0.0,0.0,0.0,0.0,0.0,0.0,0.0,1.0,1.0
Honeyman,586.0,34.0,36.0,1.0,1.0,2.0,1.0,0.0,34.0,0.3333333333333333,12.0,0.3333333333333333,0.2,4.8,0.2,0.2,7.2,0.2,0.8,157.0,4.0,15.0,299.0,4.0,0.0,0.0,0.0,0.0,0.0,0.0,1.0,0.0,0.0,0.0,0.0,0.0,0.0,0.0,0.0,0.0,0.0,0.0,0.0,0.0,0.0,0.0,0.0,0.0,0.0,0.0,0.0,0.0,0.0,0.0,0.0,0.0,0.0,0.0,1.0,0.0,0.0,0.0,0.0,0.0,0.0,0.0,0.0,1.0,0.0,3.0
Calvert-Lewin,594.0,34.0,19.0,1.0,0.0,20.0,1.0,1.0,34.0,0.3333333333333333,6.333333333333332,0.3333333333333333,1.1,17.3,0.5,0.8,22.2,0.6,1.5,231.0,15.0,13.0,272.0,9.0,0.0,0.0,0.0,1.0,0.0,0.0,0.0,0.0,0.0,0.0,0.0,0.0,0.0,0.0,0.0,0.0,0.0,0.0,0.0,0.0,0.0,0.0,0.0,0.0,0.0,1.0,0.0,0.0,0.0,0.0,0.0,0.0,0.0,0.0,0.0,0.0,0.0,0.0,0.0,0.0,0.0,0.0,0.0,0.0,1.0,1.0
Jesus,624.0,34.0,90.0,6.0,0.0,12.0,1.0,1.0,34.0,2.0,31.66666666666667,0.6666666666666666,0.7,10.9,0.3,1.2,19.0,0.4,4.571428571428571,298.0,32.0,6.0,147.0,6.0,0.0,0.0,0.0,0.0,1.0,0.0,0.0,0.0,0.0,0.0,0.0,0.0,0.0,0.0,0.0,0.0,0.0,0.0,0.0,0.0,0.0,0.0,0.0,0.0,0.0,0.0,0.0,0.0,0.0,0.0,0.0,0.0,0.0,1.0,0.0,0.0,0.0,0.0,0.0,0.0,0.0,0.0,0.0,0.0,1.0,5.0
Ndidi,627.0,34.0,90.0,3.0,0.0,19.0,1.0,1.0,34.0,2.333333333333333,90.0,1.0,3.4,80.1,0.9,2.0,70.2,0.8,3.0,1161.0,42.0,6.0,143.0,13.0,0.0,0.0,0.0,0.0,0.0,0.0,0.0,0.0,0.0,0.0,0.0,0.0,0.0,0.0,0.0,0.0,0.0,1.0,0.0,0.0,0.0,0.0,0.0,0.0,0.0,0.0,1.0,0.0,0.0,0.0,0.0,0.0,0.0,0.0,0.0,0.0,0.0,0.0,0.0,0.0,0.0,0.0,0.0,1.0,0.0,8.0
Evandro,629.0,34.0,45.0,1.0,1.0,18.0,1.0,0.0,34.0,0.3333333333333333,34.0,0.6666666666666666,0.3,17.3,0.4,0.4,28.4,0.6,1.3333333333333333,410.0,12.0,7.0,134.0,8.0,0.0,0.0,0.0,0.0,0.0,0.0,0.0,0.0,0.0,0.0,0.0,0.0,1.0,0.0,0.0,0.0,0.0,0.0,0.0,0.0,0.0,0.0,0.0,0.0,0.0,0.0,0.0,0.0,0.0,0.0,0.0,0.0,0.0,0.0,0.0,0.0,0.0,1.0,0.0,0.0,0.0,0.0,0.0,1.0,0.0,3.0
Niang,636.0,34.0,90.0,2.0,1.0,9.0,1.0,0.0,34.0,2.0,85.66666666666667,1.0,2.9,86.2,1.0,3.8,85.0,1.0,3.2307692307692313,1011.0,42.0,7.0,136.0,12.0,0.0,0.0,0.0,0.0,0.0,0.0,0.0,1.0,0.0,0.0,0.0,0.0,0.0,0.0,0.0,0.0,0.0,0.0,0.0,0.0,0.0,0.0,0.0,0.0,0.0,0.0,0.0,0.0,0.0,0.0,0.0,0.0,0.0,0.0,0.0,1.0,0.0,0.0,0.0,0.0,0.0,0.0,0.0,0.0,1.0,2.0
Ranocchia,637.0,34.0,90.0,8.0,1.0,18.0,1.0,0.0,34.0,6.666666666666668,90.0,1.0,3.7,90.0,1.0,6.4,90.0,1.0,3.8461538461538463,1015.0,50.0,6.0,128.0,12.0,0.0,0.0,0.0,0.0,0.0,0.0,0.0,0.0,0.0,0.0,0.0,0.0,1.0,0.0,0.0,0.0,0.0,0.0,0.0,0.0,0.0,0.0,0.0,0.0,0.0,0.0,0.0,0.0,0.0,0.0,0.0,0.0,0.0,0.0,0.0,0.0,0.0,1.0,0.0,0.0,0.0,0.0,1.0,0.0,0.0,5.0
Westwood,640.0,34.0,0.0,0.0,1.0,11.0,0.0,0.0,34.0,0.3333333333333333,1.6666666666666667,0.3333333333333333,0.4,19.0,0.4,0.2,1.0,0.2,0.8333333333333334,204.0,5.0,4.0,129.0,5.0,0.0,0.0,0.0,0.0,1.0,0.0,0.0,0.0,0.0,0.0,0.0,0.0,0.0,0.0,0.0,0.0,0.0,0.0,0.0,0.0,0.0,0.0,0.0,0.0,0.0,0.0,0.0,0.0,0.0,0.0,0.0,0.0,0.0,0.0,0.0,0.0,0.0,0.0,1.0,0.0,0.0,0.0,0.0,1.0,0.0,3.0
Ayew,641.0,34.0,90.0,5.0,1.0,14.0,1.0,0.0,34.0,2.6666666666666665,63.33333333333334,1.0,1.9,50.7,1.0,2.8,70.8,1.0,1.7272727272727273,507.0,19.0,5.0,115.0,10.0,0.0,0.0,0.0,0.0,0.0,0.0,0.0,0.0,0.0,0.0,1.0,0.0,0.0,0.0,0.0,0.0,0.0,0.0,0.0,0.0,0.0,0.0,0.0,0.0,0.0,0.0,0.0,0.0,0.0,0.0,0.0,0.0,0.0,0.0,0.0,0.0,1.0,0.0,0.0,0.0,0.0,0.0,0.0,0.0,1.0,5.0
Gabbiadini,642.0,34.0,68.0,2.0,0.0,9.0,1.0,1.0,34.0,2.6666666666666665,70.33333333333333,1.0,2.8,45.7,0.7,1.8,54.0,0.8,3.888888888888889,547.0,35.0,5.0,126.0,8.0,1.0,0.0,0.0,0.0,0.0,0.0,0.0,0.0,0.0,0.0,0.0,0.0,0.0,0.0,0.0,0.0,0.0,0.0,0.0,0.0,0.0,0.0,0.0,0.0,0.0,0.0,0.0,0.0,1.0,0.0,0.0,0.0,0.0,0.0,0.0,0.0,0.0,0.0,0.0,0.0,0.0,0.0,0.0,0.0,1.0,2.0
N'Diaye,643.0,34.0,90.0,2.0,1.0,18.0,1.0,0.0,34.0,1.6666666666666667,90.0,1.0,1.7,83.7,1.0,1.4,87.6,1.0,2.25,927.0,27.0,6.0,117.0,11.0,0.0,0.0,0.0,0.0,0.0,0.0,0.0,0.0,0.0,0.0,0.0,0.0,1.0,0.0,0.0,0.0,0.0,0.0,0.0,0.0,0.0,0.0,0.0,0.0,0.0,0.0,0.0,0.0,0.0,0.0,0.0,0.0,0.0,0.0,0.0,0.0,0.0,1.0,0.0,0.0,0.0,0.0,0.0,1.0,0.0,2.0
Milivojevic,645.0,34.0,90.0,1.0,1.0,17.0,1.0,1.0,34.0,1.3333333333333333,90.0,1.0,2.7,88.8,1.0,3.0,87.6,1.0,2.4545454545454546,888.0,27.0,6.0,130.0,10.0,0.0,0.0,1.0,0.0,0.0,0.0,0.0,0.0,0.0,0.0,0.0,0.0,0.0,0.0,0.0,0.0,0.0,0.0,0.0,0.0,0.0,0.0,0.0,0.0,0.0,0.0,0.0,0.0,0.0,0.0,0.0,1.0,0.0,0.0,0.0,0.0,0.0,0.0,0.0,0.0,0.0,0.0,0.0,1.0,0.0,2.0
Grosicki,646.0,34.0,89.0,3.0,1.0,18.0,1.0,0.0,34.0,2.333333333333333,89.66666666666669,1.0,3.3,75.7,1.0,3.8,80.2,1.0,3.0,836.0,36.0,6.0,117.0,11.0,0.0,0.0,0.0,0.0,0.0,0.0,0.0,0.0,0.0,0.0,0.0,0.0,1.0,0.0,0.0,0.0,0.0,0.0,0.0,0.0,0.0,0.0,0.0,0.0,0.0,0.0,0.0,0.0,0.0,0.0,0.0,0.0,0.0,0.0,0.0,0.0,0.0,1.0,0.0,0.0,0.0,0.0,0.0,1.0,0.0,3.0
